request_id,category,name,distance_metres,email,website,phone,address,postcode,opening_hours,cuisine,operator,brand,amenity,latitude,longitude,osm_type,osm_id,osm_url
35508556,restaurant,Lucky Cat by Gordon Ramsay,16.3,,,,"100 King Street, Manchester, M2 4WU",M2 4WU,,asian,,,restaurant,53.4806937,-2.2424314,node,12407543104,https://www.openstreetmap.org/node/12407543104
35508556,restaurant,Cibo,50.3,,,,"43 Spring Gardens, Manchester, M2 2BG",M2 2BG,,italian,,,restaurant,53.4808071,-2.2418397,node,5628825273,https://www.openstreetmap.org/node/5628825273
35508556,restaurant,PizzaExpress,56.3,,https://www.pizzaexpress.com/manchester-king-street,,"84 King Street, Manchester, M2 4WQ",M2 4WQ,,pizza,,PizzaExpress,restaurant,53.4808049,-2.2434511,node,3680678727,https://www.openstreetmap.org/node/3680678727
35508556,restaurant,Six by Nico,69.6,,,,"60 Spring Gardens, Manchester, M2 2BQ",M2 2BQ,,,,,restaurant,53.4802713,-2.2420358,node,9606284630,https://www.openstreetmap.org/node/9606284630
35508556,restaurant,Browns,77.3,,https://www.browns-restaurants.co.uk/locations/manchester/,,"1 York Street, Manchester, M2 2AW",M2 2AW,Mo-Th 09:00-23:00; Fr-Sa 09:00-24:00; Su 09:00-21:00,british,,Browns,restaurant,53.4811254,-2.2415681,node,1520847865,https://www.openstreetmap.org/node/1520847865
35508556,restaurant,Kala Bistro,87.5,,,,"55 King Street, Manchester, M2 4LQ",M2 4LQ,,bistro,,,restaurant,53.4810946,-2.2438269,node,9602612597,https://www.openstreetmap.org/node/9602612597
35508556,restaurant,1761 Restaurant,89.7,host@1761mcr.co.uk,https://1761mcr.co.uk,+44 161 714 0414,"2 Booth Street, Manchester, M2 4AT",M2 4AT,Mo-Fr 12:00-22:00; Sa-Su 12:00-23:00,british,,,restaurant,53.4802872,-2.2436471,node,5323319637,https://www.openstreetmap.org/node/5323319637
35508556,restaurant,Thai Kitchen No. 6,93.9,,,,"55 King Street, Manchester, M2 4LQ",M2 4LQ,,thai,,,restaurant,53.4815048,-2.2433818,node,9602612602,https://www.openstreetmap.org/node/9602612602
35508556,restaurant,Double Zero,105.0,,,,"55 Spring Gardens, Manchester, M2 2BY",M2 2BY,"Su-Th 12:00-22:00; Fr,Sa 12:00-23:00",pizza,,,restaurant,53.4802347,-2.2413294,node,9607494166,https://www.openstreetmap.org/node/9607494166
35508556,restaurant,L'Antica Pizzeria da Michele,112.5,,,,,,,,,,restaurant,53.481126,-2.2442099,node,10858358105,https://www.openstreetmap.org/node/10858358105
35508556,pub,North Westward Ho,114.7,info@northwestwardho.co.uk,https://www.northwestwardho.co.uk/,+44 7300820592,"19 Chapel Walks, Manchester, M2 1HN",M2 1HN,Mo-Th 12:00-24:00; Fr-Sa 12:00-02:00; Su 12:00-23:00,,,,pub,53.4817309,-2.2433453,node,11469099314,https://www.openstreetmap.org/node/11469099314
35508556,pub,Town Hall Tavern,115.6,,,,"20 Tib Lane, Manchester, M2 4JA",M2 4JA,,,,,pub,53.480413,-2.244221,node,9604296152,https://www.openstreetmap.org/node/9604296152
35508556,restaurant,Sam's Chop House,119.2,,https://samschophouse.com/,,"19 Chapel Walks, Manchester, M2 1HN",M2 1HN,,burger,,,restaurant,53.4817126,-2.2435451,node,5694767606,https://www.openstreetmap.org/node/5694767606
35508556,restaurant,New Wave Ramen,122.6,,,,"16 Tib Lane, Manchester, M2 4JB",M2 4JB,,ramen,,,restaurant,53.4804263,-2.2443427,node,9604296155,https://www.openstreetmap.org/node/9604296155
35508556,restaurant,Miller & Carter,137.1,,https://www.millerandcarter.co.uk/restaurants/north-west/millerandcartermanchester,+44 161 839 2846,"53 King Street, Manchester, M2 4LQ",M2 4LQ,,steak,,Miller & Carter,restaurant,53.4811409,-2.2445914,node,9063279215,https://www.openstreetmap.org/node/9063279215
35508556,restaurant,10 Tib Lane,137.1,,,,"10 Tib Lane, Manchester, M2 4JB",M2 4JB,,,,,restaurant,53.4804373,-2.2445807,node,9604296158,https://www.openstreetmap.org/node/9604296158
35508556,restaurant,The Rice Bowl,143.0,,,,"33A Cross Street, Manchester, M2 1NL",M2 1NL,,asian,,,restaurant,53.481324,-2.2445729,node,2943326833,https://www.openstreetmap.org/node/2943326833
35508556,restaurant,Maki & Ramen,145.5,,https://www.makiramen.com/our-venues/manchester/,,,,,asian;sushi;noodle,,,restaurant,53.4812393,-2.2405287,node,11556653670,https://www.openstreetmap.org/node/11556653670
35508556,restaurant,,147.2,,,,"29 Princess Street, Manchester, M2 4HH",M2 4HH,,,,,restaurant,53.4798132,-2.2440836,node,9605157542,https://www.openstreetmap.org/node/9605157542
35508556,restaurant,Annyeong,148.1,,,,"5-7 Chapel Walks, Manchester, M2 1HN",M2 1HN,,korean,,,restaurant,53.4817836,-2.2441098,node,9601824506,https://www.openstreetmap.org/node/9601824506
35508556,restaurant,Piccolino Caffe Grande,151.1,,http://www.piccolinorestaurants.co.uk/manchester.html,,"8 Clarence Street, Manchester, M2 4DW",M2 4DW,,,,,restaurant,53.4800037,-2.2444509,node,1600478960,https://www.openstreetmap.org/node/1600478960
35508556,pub,The Vine,154.2,,,,"42-44 Kennedy Street, Manchester, M2 4BQ",M2 4BQ,,,,,pub,53.4794355,-2.2430172,node,2684183733,https://www.openstreetmap.org/node/2684183733
35508556,restaurant,The Cut & Craft Manchester,154.8,,https://www.thecutandcraft.co.uk/manchester/,+44 161 509 9990,"38-42 Mosley Street, Manchester, M2 3AZ",M2 3AZ,,,,,restaurant,53.4800825,-2.2405944,node,13261369856,https://www.openstreetmap.org/node/13261369856
35508556,pub,Mr Thomas's Chop House,162.6,,,,"52 Cross Street, Manchester, M2 4JR",M2 4JR,,,,,pub,53.4813335,-2.2448887,node,331410626,https://www.openstreetmap.org/node/331410626
35508556,pub,The City Arms,162.6,,,,"46-48 Kennedy Street, Manchester, M2 4BQ",M2 4BQ,,,,,pub,53.4793471,-2.2428786,node,2684183725,https://www.openstreetmap.org/node/2684183725
35508556,restaurant,KNOOPS,163.4,,,,"68 Cross Street, Manchester, M2 4JQ",M2 4JQ,,,,,restaurant,53.4808905,-2.245064,node,9611695695,https://www.openstreetmap.org/node/9611695695
35508556,restaurant,Armenian Taverna,163.8,contact@armeniantaverna.co.uk,https://www.armeniantaverna.co.uk/,+44 161 834 9025,"1-7 Princess Street, Manchester, M2 4DF",M2 4DF,Mo-Th 12:00-23:00; Fr-Sa 12:00-00:00; Su 12:00-22:00,,,,restaurant,53.4801096,-2.2447869,node,258871622,https://www.openstreetmap.org/node/258871622
35508556,restaurant,Ferma,166.2,,,,"58 Mosley Street, Manchester, M2 3HZ",M2 3HZ,,pizza,,,restaurant,53.4793791,-2.241823,node,9607494185,https://www.openstreetmap.org/node/9607494185
35508556,restaurant,Rozafa,169.0,,,,"57-63 Princess Street, Manchester, M2 4EG",M2 4EG,Mo-Sa 11:00-24:00,greek,,,restaurant,53.4793412,-2.2433163,node,2684183704,https://www.openstreetmap.org/node/2684183704
35508556,pub,The Bank,177.0,,https://www.nicholsonspubs.co.uk/restaurants/northwest/thebankmanchester,,"57 Mosley Street, Manchester, M2 3FF",M2 3FF,,,,Nicholson's,pub,53.4797712,-2.2405587,node,2692904185,https://www.openstreetmap.org/node/2692904185
35508556,pub,The Waterhouse,184.9,,https://www.jdwetherspoon.com/pubs/all-pubs/england/manchester/the-waterhouse-manchester,,"67-71 Princess Street, Manchester, M2 4EG",M2 4EG,Su-Th 08:00-00:00; Fr-Sa 08:00-01:00,,,Wetherspoon,pub,53.4791573,-2.2430296,node,9605211185,https://www.openstreetmap.org/node/9605211185
35508556,restaurant,Forbici Pizzeria,185.5,,,,"86 Cross Street, Manchester, M2 4LA",M2 4LA,,,,,restaurant,53.4802977,-2.2452726,node,9608497682,https://www.openstreetmap.org/node/9608497682
35508556,restaurant,Vincenzo Trattoria,188.4,,,,"34 St. Ann Street, Manchester, M2 7LE",M2 7LE,,italian,,,restaurant,53.4816576,-2.2450548,node,9609881638,https://www.openstreetmap.org/node/9609881638
35508556,restaurant,Franco Manca,189.0,,https://www.francomanca.co.uk/restaurants/manchester-king-street/,+44 161 710 1883,"37-43 King Street, Manchester, M2 7AT",M2 7AT,,pizza,,Franco Manca,restaurant,53.4812162,-2.2453696,node,9609682595,https://www.openstreetmap.org/node/9609682595
35508556,pub,The Shakespeare,198.0,,https://www.greeneking.co.uk/pubs/lancashire/shakespeare,,"16 Fountain Street, Manchester, M2 2AA",M2 2AA,,,,Greene King,pub,53.4817242,-2.2400419,node,1944550240,https://www.openstreetmap.org/node/1944550240
35508556,restaurant,My Thai,198.6,,https://mythairestaurant.co.uk/manchester-john-dalton-street/,+44 161 833 1016,"11 St James Square, Manchester, M2 6DN",M2 6DN,,thai,,,restaurant,53.4803233,-2.2454918,node,1600478937,https://www.openstreetmap.org/node/1600478937
35508556,restaurant,My Thai Restaurant,201.7,,,,M2 6WH,M2 6WH,,,,,restaurant,53.4805874,-2.245627,node,12207590396,https://www.openstreetmap.org/node/12207590396
35508556,restaurant,Vertigo,201.9,,,,"18 Cross Street, Manchester",,,,,,restaurant,53.482249,-2.2444377,node,8989695617,https://www.openstreetmap.org/node/8989695617
35508556,restaurant,El Gato Negro Tapas,211.2,,https://www.elgatonegrotapas.com/manchester/,+44 161 694 8585,"52 King Street, Manchester, M2 4LY",M2 4LY,,spanish;tapas,,,restaurant,53.4811187,-2.2457466,node,4942567241,https://www.openstreetmap.org/node/4942567241
35508556,restaurant,Ban Di Bul,213.7,,https://www.bandibul.co.uk/,+44 161 236 9733,"77 Princess Street, Manchester, M2 4EG",M2 4EG,Mo-Sa 12:00-23:00,korean,,,restaurant,53.4788793,-2.2425024,node,1520847848,https://www.openstreetmap.org/node/1520847848
35508556,university,University of Law,219.1,,,,"2 New York Street, Manchester, M1 4HJ",M1 4HJ,,,,,university,53.4803158,-2.2393912,node,4624319249,https://www.openstreetmap.org/node/4624319249
35508556,restaurant,Franco Manca,219.9,,https://www.francomanca.co.uk/restaurants/manchester-piccadilly-gardens/,,"12-14 Mosley Street, Manchester, M2 3AG",M2 3AG,,pizza,,Franco Manca,restaurant,53.4809261,-2.2392835,node,9606529731,https://www.openstreetmap.org/node/9606529731
35508556,restaurant,Soup Co,220.5,,,,"Piccadilly Plaza, Manchester, M1 4AH",M1 4AH,,noodle,,,restaurant,53.4805066,-2.2393048,node,6535193711,https://www.openstreetmap.org/node/6535193711
35508556,pub,Founder's Hall,226.4,,,,,,,,,,pub,53.4798206,-2.2456001,node,6394799972,https://www.openstreetmap.org/node/6394799972
35508556,restaurant,Chotto,226.7,,,,,,,japanese,,,restaurant,53.4805876,-2.2391923,node,11780567569,https://www.openstreetmap.org/node/11780567569
35508556,restaurant,Do Eat,232.2,doeat.resatuarant@hotmail.com,https://www.doeatmanchester.co.uk/,+44 161 4253560,"Piccadilly Plaza, Manchester, M1 4AH",M1 4AH,"Mo-Fr 11:30-21:00; Sa,Su 11:30-22:00",,,,restaurant,53.4806632,-2.239099,node,2742190220,https://www.openstreetmap.org/node/2742190220
35508556,pub,The Seven Oaks,234.8,,,,"5 Nicholas Street, Manchester, M1 4HL",M1 4HL,,,,,pub,53.4789342,-2.2409382,node,2690872373,https://www.openstreetmap.org/node/2690872373
35508556,restaurant,Mozzarella,236.9,,,,,,,pizza,,,restaurant,53.4802368,-2.246053,way,719411434,https://www.openstreetmap.org/way/719411434
35508556,restaurant,Bullgogi,243.7,,,,"6A Piccadilly Plaza, Manchester, M1 4AH",M1 4AH,"Mo-Fr 12:00-22:00; Sa 12:00-22:30; Su,PH 12:00-21:30",korean,,,restaurant,53.4807537,-2.2389182,node,1520847891,https://www.openstreetmap.org/node/1520847891
35508556,restaurant,Pho,243.8,,,,"44 George Street, Manchester, M1 4HF",M1 4HF,,vietnamese,,,restaurant,53.4791844,-2.2401083,node,2692887724,https://www.openstreetmap.org/node/2692887724
35508556,restaurant,Phetpailin Thai,245.1,,,,"46 George Street, Manchester, M1 4HF",M1 4HF,,thai,,,restaurant,53.4791147,-2.2402118,node,1933333310,https://www.openstreetmap.org/node/1933333310
35508556,restaurant,The New Emperor Restaurant,248.2,,,,"50 George Street, Manchester, M1 4HF",M1 4HF,,chinese,,,restaurant,53.4790012,-2.2403796,node,2689449604,https://www.openstreetmap.org/node/2689449604
35508556,restaurant,Teppanyaki,249.6,,,,,,,japanese,,,restaurant,53.4789013,-2.2405866,node,2689449542,https://www.openstreetmap.org/node/2689449542
35508556,restaurant,Pacific,252.3,,,,,,,chinese,,,restaurant,53.4788849,-2.2405564,node,2689448531,https://www.openstreetmap.org/node/2689448531
35508556,pub,The Ape and Apple,252.6,,,,"28-30 John Dalton Street, Manchester, M2 6HQ",M2 6HQ,,,,,pub,53.4803453,-2.2463399,node,9609050745,https://www.openstreetmap.org/node/9609050745
35508556,restaurant,Little Yang Sing,256.4,,,,"17 George Street, Manchester, M1 4HE",M1 4HE,,chinese,,,restaurant,53.4791449,-2.2399014,node,2692887721,https://www.openstreetmap.org/node/2692887721
35508556,restaurant,Hunan,258.6,,http://www.hunanrestaurant.co.uk,,"19 George Street, Manchester, M1 4HE",M1 4HE,"Tu-Th,Su 11:30-21:30; Fr,Sa 12:00-22:00",chinese,,,restaurant,53.4790309,-2.240063,node,2696675276,https://www.openstreetmap.org/node/2696675276
35508556,restaurant,Maray,259.8,,,,,,,,,,restaurant,53.4798374,-2.2461767,node,11899245271,https://www.openstreetmap.org/node/11899245271
35508556,restaurant,Veeno,261.6,,,,"14 Brazennose Street, Manchester, M2 6LW",M2 6LW,,italian,,,restaurant,53.4797473,-2.2461352,node,4949373121,https://www.openstreetmap.org/node/4949373121
35508556,restaurant,AKA Sushi,270.8,,,,,,Su-Fr 12:00-21:30; Sa 12:00-22:00,sushi,,,restaurant,53.4792885,-2.2393918,node,13771217773,https://www.openstreetmap.org/node/13771217773
35508556,restaurant,Doner Shack,275.7,,,,"Arndale Centre Corporation Street, Manchester, M4 3AJ",M4 3AJ,,kebab,,,restaurant,53.4831859,-2.241467,node,11092968591,https://www.openstreetmap.org/node/11092968591
35508556,restaurant,Tast Catala,282.3,,,,"20-22 King Street, Manchester, M2 6AG",M2 6AG,,spanish,,,restaurant,53.4812387,-2.2468019,node,9609319721,https://www.openstreetmap.org/node/9609319721
35508556,restaurant,Zaap Thai,282.5,manchester@zaapthai.co.uk,https://zaapthai.co.uk/locations/manchester/,+44 161 7105906,"Unit 3 Brazennose Street, M2 5AD",M2 5AD,Mo-Th 12:00-22:00; Fr-Sa 12:00-23:00; Su 12:00-21:00,thai,,,restaurant,53.4798284,-2.2465441,node,13189481393,https://www.openstreetmap.org/node/13189481393
35508556,restaurant,Wagamama,285.5,,https://www.wagamama.com/restaurants/manchester/manchester-st-peters-square,+44 161 302 4630,"2 St Peter's Square, Manchester",,"Su-Th 11:00-22:00; Fr,Sa 11:00-23:00",asian,,Wagamama,restaurant,53.4782327,-2.2426619,node,9494107327,https://www.openstreetmap.org/node/9494107327
35508556,restaurant,Rajdoot Tandoori,289.3,,,,"18 Albert Square, Manchester, M2 5PE",M2 5PE,,indian,,,restaurant,53.4788942,-2.2455768,node,2754025206,https://www.openstreetmap.org/node/2754025206
35508556,restaurant,One More Noodles,294.2,,,,,,Mo-Su 12:00-21:30,noodle,,,restaurant,53.4783212,-2.2410471,node,13656934452,https://www.openstreetmap.org/node/13656934452
35508556,restaurant,Pizza Hut,295.2,,,,"15a Corporation Street, Manchester, M4 3AG",M4 3AG,Mo-Su 11:30-22:00,pizza,,Pizza Hut,restaurant,53.4834272,-2.2432386,node,2684183697,https://www.openstreetmap.org/node/2684183697
35508556,restaurant,Namii,299.4,,,,,,,,,,restaurant,53.4798061,-2.2383948,node,13771354106,https://www.openstreetmap.org/node/13771354106
35508556,restaurant,Tampopo,299.8,,,,"16 Albert Square, Manchester, M2 5PF",M2 5PF,,asian,,,restaurant,53.4789179,-2.2458437,node,9621057582,https://www.openstreetmap.org/node/9621057582
35508556,restaurant,24 Bar & Grill,300.0,,,,"24 Princess Street, Manchester, M1 4LG",M1 4LG,Mo-Su 07:00-19:00,,,,restaurant,53.4781675,-2.2416064,node,5305832321,https://www.openstreetmap.org/node/5305832321
35508556,restaurant,Wings Restaurant,300.8,,,,"1 Lincoln Square, Manchester, M2 5LN",M2 5LN,,chinese,,,restaurant,53.4796671,-2.2467274,node,9618771779,https://www.openstreetmap.org/node/9618771779
35508556,restaurant,El Kabron,306.1,,,,"2 Mount Street, Manchester, M2 5WQ",M2 5WQ,,,,,restaurant,53.478623,-2.245431,node,9621057585,https://www.openstreetmap.org/node/9621057585
35508556,restaurant,Fountain House,307.2,,,,"14 Albert Square, Manchester, M2 5PF",M2 5PF,,british,,,restaurant,53.478929,-2.246015,node,2754020152,https://www.openstreetmap.org/node/2754020152
35508556,restaurant,La Bandera,308.8,,https://labandera.co.uk/,,"2 Ridgefield, Manchester, M2 6EQ",M2 6EQ,,spanish;tapas,,,restaurant,53.4809555,-2.2472587,node,9609050802,https://www.openstreetmap.org/node/9609050802
35508556,restaurant,Pinwei Chinese Restauraut,319.6,,,,"26 Princess Street, Manchester, M1 4LB",M1 4LB,,chinese,,,restaurant,53.4780232,-2.2413509,node,6566085307,https://www.openstreetmap.org/node/6566085307
35508556,restaurant,Red's True Barbecue,320.0,,https://truebarbecue.com/,,"18-22 Lloyd Street, Manchester, M2 5WA",M2 5WA,,barbecue,,,restaurant,53.4789629,-2.2463227,node,331414729,https://www.openstreetmap.org/node/331414729
35508556,restaurant,Yuzu,322.3,,https://www.yuzumanchester.co.uk/,,"39 Faulkner Street, Manchester, M1 4EE",M1 4EE,,japanese,,,restaurant,53.478776,-2.2391141,node,3635450505,https://www.openstreetmap.org/node/3635450505
35508556,restaurant,Mr Hong Beef Noodle,324.2,,,,"43 Faulkner Street, Manchester, M1 4EE",M1 4EE,,chinese,,,restaurant,53.4786454,-2.239299,node,2696671521,https://www.openstreetmap.org/node/2696671521
35508556,restaurant,China Buffet,324.3,,,,"16 Nicholas Street, Manchester, M1 4EJ",M1 4EJ,,chinese,,,restaurant,53.4783111,-2.240046,node,2683213736,https://www.openstreetmap.org/node/2683213736
35508556,restaurant,Chuan Guoxiang,324.6,,,,"43 Faulkner Street, Manchester, M1 4EE",M1 4EE,,chinese,,,restaurant,53.4786274,-2.2393232,node,6549315110,https://www.openstreetmap.org/node/6549315110
35508556,restaurant,Mei Dim,325.4,,,,"45 Faulkner Street, Manchester, M1 4EE",M1 4EE,,chinese,,,restaurant,53.4785971,-2.2393628,node,3675019126,https://www.openstreetmap.org/node/3675019126
35508556,restaurant,The New Hong Kong,326.0,,,,"47 Faulkner Street, Manchester, M1 4EE",M1 4EE,,chinese,,,restaurant,53.4785708,-2.2394004,node,2696670987,https://www.openstreetmap.org/node/2696670987
35508556,college,BIMM Institute Manchester,327.8,,,,"Bank Chambers Faulkner Street, Manchester, M1 4EH",M1 4EH,,,BIMM,,college,53.4793658,-2.2382722,node,6535193748,https://www.openstreetmap.org/node/6535193748
35508556,restaurant,Kaya Malaysian Restaurant,332.2,,,,"50 Faulkner Street, Manchester, M1 4FH",M1 4FH,Mo-Su 12:00-21:00,asian,,,restaurant,53.4781543,-2.2402679,node,3675020426,https://www.openstreetmap.org/node/3675020426
35508556,restaurant,Try Thai,334.3,,http://www.try-thai.co.uk,+44 161 228 1822,"52-54 Faulkner Street, Manchester, M1 4FH",M1 4FH,"Su-Th 12:00-21:30; Fr,Sa 12:00-22:30",thai,,,restaurant,53.4781156,-2.2403237,node,2676935246,https://www.openstreetmap.org/node/2676935246
35508556,restaurant,Wholesome Junkies,334.3,,,,"49 High Street, Manchester, M4 3AH",M4 3AH,,burger,,,restaurant,53.4831494,-2.2394473,node,8989671118,https://www.openstreetmap.org/node/8989671118
35508556,restaurant,Pho Cue,335.8,,https://phocue.co.uk/,+44 161 237 5664,"52a Faulkner Street, Manchester, M1 4FH",M1 4FH,We-Mo 12:00-21:00; Tu off,vietnamese,,,restaurant,53.4780881,-2.2403666,node,2692887698,https://www.openstreetmap.org/node/2692887698
35508556,restaurant,Pizza Pilgrims,337.3,,,,"105-107 Deansgate, Manchester, M3 2BQ",M3 2BQ,,pizza,,,restaurant,53.4810356,-2.2476813,node,324663550,https://www.openstreetmap.org/node/324663550
35508556,restaurant,宽窄巷 Noodle Alley,339.5,,,,"56A Faulkner Street, Manchester, M1 4FH",M1 4FH,,chinese,,,restaurant,53.4780282,-2.2404495,node,2692887700,https://www.openstreetmap.org/node/2692887700
35508556,restaurant,Smokehouse & Cellar,340.8,,,,"20 Lloyd Street, Manchester, M2 5WA",M2 5WA,,steak_house,,,restaurant,53.4790632,-2.2468435,node,6394799970,https://www.openstreetmap.org/node/6394799970
35508556,restaurant,Spicy City Restaurant,340.8,,,,"56 Faulkner Street, Manchester, M1 4FH",M1 4FH,,chinese,,,restaurant,53.4780086,-2.2404748,node,2692887701,https://www.openstreetmap.org/node/2692887701
35508556,restaurant,Nando's,341.0,,,,,,,chicken;portuguese,,Nando's,restaurant,53.4835169,-2.2402105,node,11093004083,https://www.openstreetmap.org/node/11093004083
35508556,restaurant,Xiong Qi Hotpot,342.4,,,,"56 Faulkner Street, Manchester, M1 4FH",M1 4FH,,hotpot,,,restaurant,53.4779837,-2.2405067,node,2692887704,https://www.openstreetmap.org/node/2692887704
35508556,restaurant,Happy Seasons,345.4,,,+44 161 236 7189,"59-61 Faulkner Street, Manchester, M1 4FF",M1 4FF,,chinese,,,restaurant,53.4780624,-2.2401335,node,2692887693,https://www.openstreetmap.org/node/2692887693
35508556,restaurant,The Allotment Vegan Restaurant,348.0,hello@allotmentvegan.co.uk,https://allotmentvegan.co.uk/,+44 161 768 5142,"18-22 Lloyd Street, Manchester, M2 5WA",M2 5WA,Mo-Sa 12:00-21:00; Su 12:00-18:00,,,,restaurant,53.4790944,-2.2470096,node,6109543001,https://www.openstreetmap.org/node/6109543001
35508556,restaurant,Yang Sing,348.5,,,,"34 Princess Street, Manchester, M1 4JY",M1 4JY,,chinese,,,restaurant,53.4778246,-2.2409458,node,6028444766,https://www.openstreetmap.org/node/6028444766
35508556,restaurant,MNKY HSE Manchester,351.4,,,,M2 5WA,M2 5WA,,latin-american,,,restaurant,53.4790431,-2.2470148,node,12207675402,https://www.openstreetmap.org/node/12207675402
35508556,restaurant,Las Iguanas,352.8,,https://www.iguanas.co.uk/restaurants/manchester-deansgate/,,"84 Deansgate, Manchester, M3 2ER",M3 2ER,,latin_american,,Las Iguanas,restaurant,53.4824695,-2.2471348,node,324673692,https://www.openstreetmap.org/node/324673692
35508556,restaurant,Yours,354.2,,,,"82 Deansgate, Manchester, M3 2ER",M3 2ER,,asian,,,restaurant,53.482531,-2.2470934,node,9649091410,https://www.openstreetmap.org/node/9649091410
35508556,restaurant,The Botanist,357.3,,,,"78 Deansgate, Manchester, M3 2FW",M3 2FW,,,,,restaurant,53.4826706,-2.2469899,node,4302855806,https://www.openstreetmap.org/node/4302855806
35508556,restaurant,,360.9,,,,"52 Portland Street, Manchester, M1 4QU",M1 4QU,,,,,restaurant,53.4783511,-2.2390204,node,2730712102,https://www.openstreetmap.org/node/2730712102
35508556,pub,The Moon Under Water,362.7,,https://www.jdwetherspoon.com/pubs/all-pubs/england/manchester/the-moon-under-water-manchester,,"68-74 Deansgate, Manchester, M3 2FN",M3 2FN,,,,Wetherspoon,pub,53.4828248,-2.2468981,node,433743946,https://www.openstreetmap.org/node/433743946
35508556,restaurant,Gaucho,363.8,,,,"2A St. Mary's Street, Manchester, M3 2LB",M3 2LB,,argentinian,,Gaucho,restaurant,53.4821959,-2.2475727,node,4302831069,https://www.openstreetmap.org/node/4302831069
35508556,restaurant,Rudy's Pizza Napoletana,364.2,,,+44 161 532 2922,"30 Portland Street, Manchester, M1 4GS",M1 4GS,,italian,,,restaurant,53.4791959,-2.2378012,node,2742190226,https://www.openstreetmap.org/node/2742190226
35508556,restaurant,Red Chili,367.8,,,+44 161 2362888,"70 Portland Street, Manchester, M1 4GU",M1 4GU,Su-Th 12:00-00:00; Fr-Sa 12:00-00:00,,,,restaurant,53.4780424,-2.2395299,node,1555224930,https://www.openstreetmap.org/node/1555224930
35508556,pub,The Rising Sun,368.7,,,,"22 Queen Street, Manchester, M2 5ND",M2 5ND,,,,,pub,53.4794385,-2.2476804,way,35277309,https://www.openstreetmap.org/way/35277309
35508556,restaurant,Côte Brasserie,372.8,,,,"4-12 St. Mary's Street, Manchester, M3 2LB",M3 2LB,,french,,Côte Brasserie,restaurant,53.482232,-2.2476936,node,4302831068,https://www.openstreetmap.org/node/4302831068
35508556,pub,Grey Horse,373.7,,,,"80 Portland Street, Manchester, M1 4QX",M1 4QX,,,,,pub,53.4778701,-2.2398349,node,309451656,https://www.openstreetmap.org/node/309451656
35508556,pub,Circus Tavern,377.5,,,,"86 Portland Street, Manchester, M1 4GX",M1 4GX,,,,,pub,53.4777837,-2.2399811,node,3674964137,https://www.openstreetmap.org/node/3674964137
35508556,restaurant,Bem Brasil,378.1,,https://www.bembrasilrestaurants.com/,+44 161 839 2525,"118-124 Deansgate, Manchester, M3 2GQ",M3 2GQ,,brazilian,,,restaurant,53.4814168,-2.2482189,node,4262090076,https://www.openstreetmap.org/node/4262090076
35508556,pub,Sawyers Arms,378.7,,https://www.nicholsonspubs.co.uk/restaurants/northwest/thesawyersarmsmanchester,,"138 Deansgate, Manchester, M3 2RP",M3 2RP,,,,Nicholson's,pub,53.4807492,-2.248322,way,37237779,https://www.openstreetmap.org/way/37237779
35508556,pub,The Old Monkey,381.0,,,,"90-92 Portland Street, Manchester, M1 4GX",M1 4GX,,,,,pub,53.4777123,-2.2401028,node,292093177,https://www.openstreetmap.org/node/292093177
35508556,restaurant,Capri’s Cucina Italiana,386.8,,,,"118-124 Deansgate, M3 2GQ",M3 2GQ,We-Mo 12:00-22:00,italian,,,restaurant,53.4814341,-2.2483475,node,13071085704,https://www.openstreetmap.org/node/13071085704
35508556,pub,The Lost Dene,387.6,,https://www.greatukpubs.co.uk/lost-dene-manchester,+44 161 839 9035,"144 Deansgate, Manchester, M3 3EE",M3 3EE,,,Stonegate,,pub,53.4805334,-2.2484397,node,324681908,https://www.openstreetmap.org/node/324681908
35508556,restaurant,Cosmo,388.2,,,,"48 Deansgate, Manchester, M3 2FE",M3 2FE,,international,,Cosmo,restaurant,53.4833586,-2.2465922,node,324670166,https://www.openstreetmap.org/node/324670166
35508556,restaurant,Adam Reid at The French,391.2,,,,M60 2DS,M60 2DS,,french,,,restaurant,53.4775242,-2.2447571,node,12207675409,https://www.openstreetmap.org/node/12207675409
35508556,restaurant,Ezra & Gil,396.2,,,,"49 Peter Street, Manchester, M2 3NG",M2 3NG,,,,,restaurant,53.4779855,-2.2462704,node,9621350886,https://www.openstreetmap.org/node/9621350886
35508556,restaurant,Second Floor Restaurant,402.0,,,,,,,,Harvey Nichols,,restaurant,53.484226,-2.2445419,node,1359479839,https://www.openstreetmap.org/node/1359479839
35508556,restaurant,Asha's,402.2,,,,"47 Peter Street, Manchester, M2 3NG",M2 3NG,,,,,restaurant,53.4780187,-2.2464856,node,9621350887,https://www.openstreetmap.org/node/9621350887
35508556,pub,The Unicorn,404.5,,,,"26 Church Street, Manchester, M4 1PN",M4 1PN,,,,,pub,53.4829001,-2.237608,node,2866944386,https://www.openstreetmap.org/node/2866944386
35508556,pub,The Old Nags Head,404.7,,,,"19 Jackson's Row, Manchester, M2 5WD",M2 5WD,,,,,pub,53.479158,-2.2480575,way,1046196264,https://www.openstreetmap.org/way/1046196264
35508556,restaurant,San Carlo,404.7,,,+44 161 834 6226,"40 King Street West, Manchester, M3 2WY",M3 2WY,,italian,,,restaurant,53.4814765,-2.2486098,node,4253622289,https://www.openstreetmap.org/node/4253622289
35508556,pub,Mulligans,404.9,,,,"12 Southgate, Manchester, M3 2RB",M3 2RB,Mo-We 12:00-00:00; Th 12:00-01:00; Fr-Sa 12:00-02:00; Su 12:00-01:00,,,,pub,53.4811618,-2.2486884,node,4302809416,https://www.openstreetmap.org/node/4302809416
35508556,pub,Micro Bar,405.7,,,,,,,,Boggart Brewery,,pub,53.4837721,-2.239044,node,1177080606,https://www.openstreetmap.org/node/1177080606
35508556,restaurant,Mr Cooper's House & Garden,406.1,,,,"Mount Street, Manchester",,,,,,restaurant,53.477534,-2.2453468,node,4303795342,https://www.openstreetmap.org/node/4303795342
35508556,restaurant,PizzaExpress,409.7,,https://www.pizzaexpress.com/manchester-piccadilly-gardens,,,,,pizza,Pizza Express,PizzaExpress,restaurant,53.4805462,-2.2364237,node,523079901,https://www.openstreetmap.org/node/523079901
35508556,restaurant,PizzaExpress,414.1,,,,"56 Peter Street, Manchester",,,pizza,,PizzaExpress,restaurant,53.4777114,-2.2460967,node,346976936,https://www.openstreetmap.org/node/346976936
35508556,restaurant,Sangam,414.9,,,,"100 Portland Street, Manchester, M1 4GX",M1 4GX,Mo-Sa 12:00-14:30; Su 13:00-16:00,indian,,,restaurant,53.4771915,-2.2410028,node,6028278839,https://www.openstreetmap.org/node/6028278839
35508556,restaurant,Don Tacos,415.0,,,,"45-50 Portland Street, Manchester, M1 4AJ",M1 4AJ,,mexican,,,restaurant,53.4801828,-2.2364145,node,2867748969,https://www.openstreetmap.org/node/2867748969
35508556,restaurant,Nando's,416.2,,https://www.nandos.co.uk/restaurants/manchester-piccadilly,,"27 Piccadilly, Manchester, M1 1LU",M1 1LU,,chicken;portuguese,,Nando's,restaurant,53.4814417,-2.236404,node,2739602810,https://www.openstreetmap.org/node/2739602810
35508556,restaurant,Shoryu,418.0,,,,"1 Piccadilly Gardens, Manchester, M1 1RG",M1 1RG,,japanese;ramen,,Shoryu,restaurant,53.4806451,-2.2362885,node,6404969128,https://www.openstreetmap.org/node/6404969128
35508556,restaurant,,418.0,,,,Piccadilly Gardens,,,asian,,,restaurant,53.4802773,-2.236345,node,8989695619,https://www.openstreetmap.org/node/8989695619
35508556,restaurant,Red Restaurant,419.4,,,,"103 Portland Street, Manchester, M1 6DF",M1 6DF,,chinese,,,restaurant,53.4772867,-2.2402933,node,6913778376,https://www.openstreetmap.org/node/6913778376
35508556,restaurant,Cafe Istanbul,421.7,,,,"77-81 Bridge Street, Manchester, M3 2RH",M3 2RH,,turkish,,,restaurant,53.481079,-2.2489553,node,4302674080,https://www.openstreetmap.org/node/4302674080
35508556,restaurant,Pip,421.7,,https://www.treehousehotels.com/manchester/eat-drink/pip,+44 1615 530 055,"Blackfriars Street, Manchester, M3 2EQ",M3 2EQ,,british,,,restaurant,53.4837849,-2.2465307,node,13304941227,https://www.openstreetmap.org/node/13304941227
35508556,restaurant,Gio Risorante,423.4,,http://giosmanchester.com,,"5-7 Lower Mosley Street, Manchester, M2 3WS",M2 3WS,,italian,,,restaurant,53.477117,-2.244224,way,228374489,https://www.openstreetmap.org/way/228374489
35508556,pub,Sir Ralph Abercromby,423.6,,,,"35 Bootle Street, Manchester, M2 5GU",M2 5GU,,,,,pub,53.4785423,-2.2477562,way,1046230724,https://www.openstreetmap.org/way/1046230724
35508556,restaurant,Zizzi,424.6,,https://www.zizzi.co.uk/italian/restaurants/manchester-piccadilly,,"29 Piccadilly, Manchester, M1 1LU",M1 1LU,,italian,,Zizzi,restaurant,53.4814033,-2.2362642,node,2739603558,https://www.openstreetmap.org/node/2739603558
35508556,restaurant,Gusto Italian,425.9,,,,M2 5AB,M2 5AB,,italian_pizza,,,restaurant,53.4791872,-2.2484382,node,12207675404,https://www.openstreetmap.org/node/12207675404
35508556,pub,BrewDog Manchester,426.4,,https://drink.brewdog.com/uk/brewdog-manchester,,"35 Peter Street, Manchester, M2 5BG",M2 5BG,"Mo-Sa 12:00-01:00, Su 12:00-00:00",,BrewDog,BrewDog,pub,53.4781428,-2.2472464,node,1765136160,https://www.openstreetmap.org/node/1765136160
35508556,restaurant,Exchange Food & Drink Lounge,427.4,,,,"21 Dickinson Street, Manchester, M1 4LX",M1 4LX,,,,,restaurant,53.4770417,-2.2412482,node,6566085326,https://www.openstreetmap.org/node/6566085326
35508556,restaurant,KAJI Restaurant and Bar,427.9,,https://www.randallandaubin.com/,+44 1617111007,"64 Bridge Street, Manchester, M3 3BN",M3 3BN,,japanese,,,restaurant,53.4809122,-2.2490633,node,7044709448,https://www.openstreetmap.org/node/7044709448
35508556,restaurant,ASK Italian,428.8,,https://www.askitalian.co.uk/italian/restaurants/manchester,+44 161 236 6600,"1 Piccadilly Gardens, Manchester, M1 1RG",M1 1RG,,italian,Pizza Express,ASK Italian,restaurant,53.480758,-2.2361195,node,3574073893,https://www.openstreetmap.org/node/3574073893
35508556,restaurant,Banyan,430.7,,,,"37 Hanging Ditch, Manchester, M4 3TR",M4 3TR,,international,,,restaurant,53.4846308,-2.2435647,node,11993280273,https://www.openstreetmap.org/node/11993280273
35508556,pub,The Mitre,431.6,,,,"1-3 Cathedral Gates, Manchester, M3 1SW",M3 1SW,,,,,pub,53.4845542,-2.2442591,node,2684074128,https://www.openstreetmap.org/node/2684074128
35508556,pub,Sinclairs Oyster Bar,431.9,,,,"2 Cathedral Gates, Manchester, M3 1SW",M3 1SW,,,Samuel Smith's,,pub,53.4846077,-2.2438906,way,130040954,https://www.openstreetmap.org/way/130040954
35508556,restaurant,Cosy Club,432.1,manchesterbookings@cosyclub.co.uk,https://cosyclub.co.uk/location/manchester/,+44 161 933 8255,"37 Hanging Ditch, Manchester, M4 3TR",M4 3TR,,british,,Cosy Club,restaurant,53.4846562,-2.2434031,node,6421070276,https://www.openstreetmap.org/node/6421070276
35508556,restaurant,Sexy Fish,433.7,,,,,,,seafood,,,restaurant,53.4800475,-2.2490304,node,12556909099,https://www.openstreetmap.org/node/12556909099
35508556,restaurant,Zizzi,433.7,,https://www.zizzi.co.uk/italian/restaurants/manchester-corn-exchange,,"37 Hanging Ditch, Manchester, M4 3TR",M4 3TR,,italian,,Zizzi,restaurant,53.4846782,-2.2433013,node,2753906316,https://www.openstreetmap.org/node/2753906316
35508556,restaurant,Stow,433.7,,,,"62 Bridge Street, Manchester, M3 3BW",M3 3BW,,,,,restaurant,53.4809297,-2.2491505,node,9650351255,https://www.openstreetmap.org/node/9650351255
35508556,pub,Crown and Anchor,434.1,,,,"4-8 Cateaton Street, Manchester, M3 1SQ",M3 1SQ,,,,,pub,53.4845422,-2.2444675,node,2684074125,https://www.openstreetmap.org/node/2684074125
35508556,pub,English Lounge,435.0,,https://www.greatukpubs.co.uk/the-english-lounge-manchester,,"64-66 High Street, Manchester, M4 1EA",M4 1EA,,,Stonegate,,pub,53.483876,-2.2385391,node,9876945727,https://www.openstreetmap.org/node/9876945727
35508556,restaurant,Don Giovanni's,435.6,,,,"Oxford Street, Manchester",,,italian;pizza,,,restaurant,53.4769182,-2.2434906,node,346984594,https://www.openstreetmap.org/node/346984594
35508556,restaurant,The Real Greek,436.6,,,,"37 Hanging Ditch, Manchester, M4 3TR",M4 3TR,,greek,,The Real Greek,restaurant,53.4847114,-2.2431759,node,11993280275,https://www.openstreetmap.org/node/11993280275
35508556,restaurant,Rudy's Pizza Napoletana,436.9,,,,"31 Peter Street, Manchester, M2 5QJ",M2 5QJ,,pizza,,Rudy's Pizza Napoletana,restaurant,53.478178,-2.2475171,node,9621350890,https://www.openstreetmap.org/node/9621350890
35508556,restaurant,Sushi Mani,437.5,,,,"109 Portland Street, Manchester, M1 6DN",M1 6DN,,,,,restaurant,53.47703,-2.2407102,node,6913778380,https://www.openstreetmap.org/node/6913778380
35508556,restaurant,Salvi's,439.5,,,,"37 Hanging Ditch, Manchester, M4 3TR",M4 3TR,,italian,,,restaurant,53.484743,-2.2430661,node,2753906070,https://www.openstreetmap.org/node/2753906070
35508556,pub,The Bridge,440.6,,,,"58 Bridge Street, Manchester, M3 3BW",M3 3BW,,,,,pub,53.4809502,-2.2492531,node,4302617033,https://www.openstreetmap.org/node/4302617033
35508556,restaurant,Buffet City,441.2,,,,"111 Portland Street, Manchester, M1 6DN",M1 6DN,,chinese,,,restaurant,53.4769808,-2.2407899,node,308849933,https://www.openstreetmap.org/node/308849933
35508556,pub,The Old Wellington Inn,442.2,,https://www.nicholsonspubs.co.uk/restaurants/northwest/theoldwellingtonmanchester,,"4 Cathedral Gates, Manchester, M3 1SW",M3 1SW,,,,Nicholson's,pub,53.484684,-2.2440387,way,282756725,https://www.openstreetmap.org/way/282756725
35508556,restaurant,The Olive Press,442.2,,,,,,,,,,restaurant,53.4793147,-2.2487982,node,413517181,https://www.openstreetmap.org/node/413517181
35508556,restaurant,Crazy Pedro's NQ,445.6,,,,"1 Short Street, Manchester, M4 1AA",M4 1AA,,,,,restaurant,53.482508,-2.2365084,node,9807445816,https://www.openstreetmap.org/node/9807445816
35508556,restaurant,Vapiano,445.8,,,,"37 Hanging Ditch, Manchester, M4 3TR",M4 3TR,,italian,,Vapiano,restaurant,53.4848063,-2.2428389,node,11993280276,https://www.openstreetmap.org/node/11993280276
35508556,restaurant,Koreana,447.7,,https://www.koreana.co.uk/,,"40A King Street West, Manchester, M3 2WY",M3 2WY,,korean,,,restaurant,53.4815059,-2.2492617,node,4302809419,https://www.openstreetmap.org/node/4302809419
35508556,restaurant,Tops Buffet,447.8,,,,"106-108 Portland Street, Manchester, M1 4RJ",M1 4RJ,,international,,,restaurant,53.4768178,-2.2415881,node,3624123392,https://www.openstreetmap.org/node/3624123392
35508556,restaurant,Peter Street Kitchen,448.0,,,,"Free Trade Hall Peter Street, Manchester, M2 5GP",M2 5GP,,,,,restaurant,53.4778984,-2.2472962,node,9932732116,https://www.openstreetmap.org/node/9932732116
35508556,restaurant,Wing Dai Pai Dong,450.7,,,,"37 King Street West, Manchester, M3 2PW",M3 2PW,,noodle,,,restaurant,53.4816658,-2.2492545,node,6343531688,https://www.openstreetmap.org/node/6343531688
35508556,restaurant,Tapeo & Wine,451.9,,,,,,,,,,restaurant,53.4791895,-2.2488707,node,2341601074,https://www.openstreetmap.org/node/2341601074
35508556,restaurant,Tampopo,452.5,,,,"37 Hanging Ditch, Manchester, M4 3TR",M4 3TR,,asian,,,restaurant,53.484869,-2.242693,node,2753902604,https://www.openstreetmap.org/node/2753902604
35508556,restaurant,Pho,453.7,,https://www.phocafe.co.uk/locations/manchester/,+44 1614 649 779,"37 Hanging Ditch, Manchester, M4 3TR",M4 3TR,Mo-Sa 12:00-22:00; Su 12:00-21:00,vietnamese,,Pho,restaurant,53.4848507,-2.2434241,node,4580387937,https://www.openstreetmap.org/node/4580387937
35508556,restaurant,The Allotment Vegan Eatery,456.7,,https://allotmentvegan.co.uk,+44 161 243 1419,"1-3 Cathedral Gates, Manchester, M3 1SW",M3 1SW,Mo-Sa 12:00-23:00; Su 12:00-21:30,,,,restaurant,53.4847479,-2.2445049,node,10760186505,https://www.openstreetmap.org/node/10760186505
35508556,restaurant,Australasia,457.0,,https://australasia.uk.com/,,"1 The Avenue, Manchester, M3 3AP",M3 3AP,,international,,,restaurant,53.4800796,-2.2493992,node,1707458556,https://www.openstreetmap.org/node/1707458556
35508556,pub,Gas Lamp,457.1,thegaslamp@gmail.com,https://www.thegaslampmanchester.co.uk/,+44 161 478 1224,"50A Bridge Street, Manchester, M3 3BW",M3 3BW,Mo-Tu 16:00-00:00; We 12:00-00:00; Th 12:00-01:00; Fr-Sa 12:00-02:00; Su 12:00-22:00,,,,pub,53.4809916,-2.2495004,node,1359479826,https://www.openstreetmap.org/node/1359479826
35508556,restaurant,Riva Blu,457.1,,,,"37 Hanging Ditch, Manchester, M4 3TR",M4 3TR,,italian,,,restaurant,53.4849112,-2.2425924,node,11993280277,https://www.openstreetmap.org/node/11993280277
35508556,restaurant,The Bishopgate,460.0,,https://www.tabletable.co.uk/en-gb/locations/lancashire/the-bishopsgate,,"Lower Mosley Street, Manchester",,,british,,Table Table,restaurant,53.4768277,-2.244541,node,4302940837,https://www.openstreetmap.org/node/4302940837
35508556,pub,The Thompsons Arms,462.3,,https://the-thompsons-arms.business.site/,+44 161 228 3012,"23 Sackville Street, Manchester, M1 3LZ",M1 3LZ,,,,,pub,53.4776593,-2.2380219,node,2653573785,https://www.openstreetmap.org/node/2653573785
35508556,restaurant,Rosa's Thai Cafe,463.2,,,,"184 Deansgate, Manchester, M3 3WB",M3 3WB,,thai,,Rosa's Thai Cafe,restaurant,53.479368,-2.2491737,node,9651353074,https://www.openstreetmap.org/node/9651353074
35508556,restaurant,Turtle Bay,465.0,,,,"31 Oxford Street, Manchester, M1 4BH",M1 4BH,,caribbean,,,restaurant,53.4766181,-2.2426784,node,998382550,https://www.openstreetmap.org/node/998382550
35508556,restaurant,PizzaExpress,465.1,,https://www.pizzaexpress.com/manchester-corn-exchange,,"37 Hanging Ditch, Manchester, M4 3TR",M4 3TR,,pizza,,PizzaExpress,restaurant,53.4849821,-2.2424605,node,2684074127,https://www.openstreetmap.org/node/2684074127
35508556,restaurant,Hard Rock Cafe,465.4,,,,"27 Withy Grove, Manchester, M4 2BS",M4 2BS,,american,,Hard Rock Cafe,restaurant,53.4849349,-2.2415124,node,1492350794,https://www.openstreetmap.org/node/1492350794
35508556,pub,Abel Heywood,467.6,,https://abelheywood.co.uk/,,"34 Turner Street, Manchester, M4 1DZ",M4 1DZ,,,,,pub,53.4835463,-2.2372487,node,12000992656,https://www.openstreetmap.org/node/12000992656
35508556,restaurant,Viet Soul,472.7,,,,"67 High Street, Manchester, M4 1FS",M4 1FS,,vietnamese,,,restaurant,53.4842009,-2.238315,node,11207220015,https://www.openstreetmap.org/node/11207220015
35508556,restaurant,Steak & Lobster,474.6,,,,"Windmill Street, Manchester",,,,,,restaurant,53.4775464,-2.2472426,node,4303786020,https://www.openstreetmap.org/node/4303786020
35508556,restaurant,Delhi House Cafe,476.1,,,,"37 Hanging Ditch, Manchester, M4 3TR",M4 3TR,,indian,,,restaurant,53.4850798,-2.2428155,node,11993280278,https://www.openstreetmap.org/node/11993280278
35508556,restaurant,Pupa,480.7,info@puparestaurant.com,https://www.puparestaurant.com/,+44 161 400 4830,"Turner Street, M4 1DW",M4 1DW,Mo 17:30-22:00; We 17:30-22:00; Th-Sa 12:00-22:00; Su 13:30-22:00,,,,restaurant,53.4835847,-2.2370438,node,11114941943,https://www.openstreetmap.org/node/11114941943
35508556,restaurant,Crazy Pedro's,481.4,,,,"55-57 Bridge Street, Manchester, M3 3BQ",M3 3BQ,,pizza,,,restaurant,53.4812706,-2.2498322,node,4302638089,https://www.openstreetmap.org/node/4302638089
35508556,pub,The Paramount,481.7,,https://www.jdwetherspoon.com/pubs/all-pubs/england/manchester/the-paramount-manchester,,"33-35 Oxford Street, Manchester, M1 4BH",M1 4BH,"Su-Th 08:00-24:00, Fr,Sa 08:00-01:00",,,Wetherspoon,pub,53.476468,-2.2424955,node,347027232,https://www.openstreetmap.org/node/347027232
35508556,restaurant,Mowgli Street Food,482.3,,https://www.mowglistreetfood.com/restaurants/manchester/,+44 161 832 0566,"Corn Exchange Hanging Ditch, Manchester, M4 3TR",M4 3TR,"Mo-Th 11:30-22:00; Fr,Sa 11:30-22:30; Su 11:30-21:30",indian,,Mowgli,restaurant,53.4851119,-2.2433919,node,4580387944,https://www.openstreetmap.org/node/4580387944
35508556,restaurant,Masons Restaurant,484.8,,,+44 161 359 6952,"36 Bridge Street, Manchester, M3 3BT",M3 3BT,Mo-Sa 12:00-21:00; Su 12:00-17:00,"grill, international, wine bar",,,restaurant,53.4810499,-2.2499137,node,9070904406,https://www.openstreetmap.org/node/9070904406
35508556,restaurant,Topkapi Palace,487.1,,,,"205 Deansgate, Manchester, M3 3NW",M3 3NW,,turkish;burger;pizza;kebab,,,restaurant,53.4787806,-2.2491324,node,324660927,https://www.openstreetmap.org/node/324660927
35508556,restaurant,Wagamama,487.5,,https://www.wagamama.com/restaurants/manchester/manchester-printworks,,"27 Withy Grove, Manchester, M4 2BS",M4 2BS,,asian,noodle,Wagamama,restaurant,53.4851597,-2.241827,node,2683693095,https://www.openstreetmap.org/node/2683693095
35508556,restaurant,Pieminister,488.3,,,,"53 Church Street, Manchester, M4 1PD",M4 1PD,"Mo-Th 11:30-21:00; Fr,Sa 11:30-22:00; Su 11:30-17:00",pie,,Pieminister,restaurant,53.4827941,-2.2360245,node,3023274533,https://www.openstreetmap.org/node/3023274533
35508556,restaurant,Chiquito,488.6,,https://www.chiquito.co.uk/restaurants/manchester/manchester/,,"27 Withy Grove, Manchester, M4 2BS",M4 2BS,Mo-Sa 12:00-22:00; Su 12:00-21:00,tex-mex,,Chiquito,restaurant,53.4851459,-2.2415087,node,2753888132,https://www.openstreetmap.org/node/2753888132
35508556,restaurant,Tokyo Ramen,491.1,,,,"55 Church Street, Manchester, M4 1PD",M4 1PD,,ramen,,,restaurant,53.482761,-2.2359491,node,6363510773,https://www.openstreetmap.org/node/6363510773
35508556,pub,High Street Tavern,492.2,,,,"5 Nicholas Croft, Manchester, M4 1EY",M4 1EY,,,,,pub,53.4844707,-2.2384421,node,5066958728,https://www.openstreetmap.org/node/5066958728
35508556,restaurant,Hawksmoor,492.3,,,,"186 Deansgate, Manchester, M3 3WB",M3 3WB,,steak_house,,Hawksmoor,restaurant,53.4789712,-2.2493758,node,9651353075,https://www.openstreetmap.org/node/9651353075
35508556,pub,Northern Monkey,492.4,,,,"8 Dantzic Street, Manchester, M4 2AD",M4 2AD,,,,,pub,53.4849242,-2.2398917,node,6253846872,https://www.openstreetmap.org/node/6253846872
35508556,pub,Wetherspoons,493.0,,https://www.jdwetherspoon.com/pubs/all-pubs/england/manchester/wetherspoons-manchester,,"47 Piccadilly, Manchester, M1 2AP",M1 2AP,Mo-Su 08:00-23:30,,,Wetherspoon,pub,53.4810899,-2.2351651,node,6391875966,https://www.openstreetmap.org/node/6391875966
35508556,restaurant,Arnero,495.4,info@arnero.co.uk,https://www.arnero.co.uk/,+44 161 236 1364,"25 Sackville Street, Manchester, M1 3LZ",M1 3LZ,Tu-Th 15:00-22:00; Fr-Sa 15:00-23:00; Su 15:00-22:00,indian,,,restaurant,53.4774492,-2.2376664,node,6388085120,https://www.openstreetmap.org/node/6388085120
35508556,restaurant,19 Cafe Bar,497.2,,,,"19 Lever Street, Manchester, M1 1BY",M1 1BY,Mo-Fr 09:00-17:00; Sa 09:00-18:00; Su 10:00-17:00,coffee_shop;brunch;breakfast,,,restaurant,53.4817641,-2.2352622,node,412839072,https://www.openstreetmap.org/node/412839072
35508556,restaurant,Boujee Restaurant & Bar,499.8,,,+448000092996,"34 Bridge Street, Manchester, M3 3BZ",M3 3BZ,"Mo-We 12:00-00:00; Th 12:00-01:00; Sa, Su 12:00-02:00",,,,restaurant,53.4810814,-2.2501377,node,9070881501,https://www.openstreetmap.org/node/9070881501
35508556,pub,The Seven Stars,499.9,,https://www.jdwetherspoon.com/pubs/all-pubs/england/manchester/the-seven-stars-manchester,+44 161 817 2980,"27 Withy Grove, Manchester, M4 2BS",M4 2BS,,,,Wetherspoon,pub,53.485066,-2.2402171,node,11094210662,https://www.openstreetmap.org/node/11094210662
35508556,restaurant,Dishoom,503.5,,https://www.dishoom.com/manchester/,+44 161 537 3737,"32 Bridge Street, Manchester, M3 3BZ",M3 3BZ,,indian,,Dishoom,restaurant,53.4810934,-2.2501927,node,7193346258,https://www.openstreetmap.org/node/7193346258
35508556,restaurant,Frankie & Benny's,505.1,,https://www.frankieandbennys.com/restaurants/manchester-printworks,,"27 Withy Grove, Manchester, M4 2BS",M4 2BS,Mo-Fr 12:00-22:00; Sa-Su 11:30-22:00,american,,Frankie & Benny's,restaurant,53.4851927,-2.240658,node,11836983646,https://www.openstreetmap.org/node/11836983646
35508556,restaurant,Kabana,506.0,,,,"51 Back Turner Street, Manchester, M4 1FR",M4 1FR,,,,,restaurant,53.4836148,-2.2365909,node,9982530406,https://www.openstreetmap.org/node/9982530406
35508556,restaurant,Nando's,506.1,,https://www.nandos.co.uk/restaurants/manchester-printworks,,"27 Withy Grove, Manchester, M4 2BS",M4 2BS,,chicken;portuguese,,Nando's,restaurant,53.4852199,-2.2407725,node,2753885414,https://www.openstreetmap.org/node/2753885414
35508556,restaurant,Northern Soul Grilled Cheese,509.1,,,,"38 Tib Street, Manchester, M4 1LA",M4 1LA,,,,,restaurant,53.4830038,-2.2358561,node,6363510776,https://www.openstreetmap.org/node/6363510776
35508556,restaurant,EastZEast,509.4,,,,"30 Blackfriars Street, Salford, M3 5BQ",M3 5BQ,,indian,,,restaurant,53.4838884,-2.2482869,node,2205934364,https://www.openstreetmap.org/node/2205934364
35508556,pub,The Goose,512.1,,,,"29 Bloom Street, Manchester, M1 3JE",M1 3JE,,,,,pub,53.4774432,-2.2373016,node,307987238,https://www.openstreetmap.org/node/307987238
35508556,pub,Walkabout,512.3,,,,"27 Withy Grove, Manchester, M4 2BS",M4 2BS,,,,Walkabout,pub,53.485183,-2.2402134,node,11836983648,https://www.openstreetmap.org/node/11836983648
35508556,restaurant,Creams,512.3,,,,"1 Portland Street, Manchester, M1 3BE",M1 3BE,,ice_cream,,Creams,ice_cream,53.4805348,-2.2348712,node,5794289653,https://www.openstreetmap.org/node/5794289653
35508556,pub,The Eagle,513.4,info@eaglemanchester.com,https://www.eaglemanchester.com/,,"15 Bloom Street, Manchester, M1 3HZ",M1 3HZ,Mo-We 17:00-02:30; Th 17:00-03:00; Fr 17:00-05:00; Sa 17:00-03:00,,,,pub,53.4776882,-2.2368676,node,1295097476,https://www.openstreetmap.org/node/1295097476
35508556,pub,New York New York,513.6,,,+44 161 236 6556,"94 Bloom Street, Manchester, M1 3LY",M1 3LY,,,,,pub,53.4768598,-2.23855,node,1295097474,https://www.openstreetmap.org/node/1295097474
35508556,restaurant,Giorgio Ristorante Italiano,514.6,,,,"131-133 Portland Street, Manchester, M1 4PY",M1 4PY,,italian,,,restaurant,53.4761822,-2.2420828,node,6917881400,https://www.openstreetmap.org/node/6917881400
35508556,restaurant,Honest Burgers,515.4,,https://www.honestburgers.co.uk/locations/manchester/,+44 161 359 4039,"30 Bridge Street, Manchester, M3 3BZ",M3 3BZ,Mo-Th 11:30-23:00; Fr-Sa 11:30-23:30; Su 11:30-22:00,burger,,Honest Burgers,restaurant,53.4811148,-2.250371,node,6507208554,https://www.openstreetmap.org/node/6507208554
35508556,pub,O'Neill's,516.2,,,,"27 Withy Grove, Manchester, M4 2BS",M4 2BS,,,,O'Neill's,pub,53.4853176,-2.2408066,node,11836983647,https://www.openstreetmap.org/node/11836983647
35508556,pub,EVA,516.3,,,,"27 Sackville Street, Manchester, M1 3LZ",M1 3LZ,,,,,pub,53.4772822,-2.2375077,node,1295097481,https://www.openstreetmap.org/node/1295097481
35508556,restaurant,拿破仑（Napoleons) Restaurant and KTV,520.1,,https://napoleons-restaurant-and-ktv.menu-world.com/,+44 161 236 8800,"35 Bloom Street, Manchester",,,chinese,,,restaurant,53.4771551,-2.237675,way,695872462,https://www.openstreetmap.org/way/695872462
35508556,restaurant,Purezza,522.3,,https://purezza.co.uk/locations/manchester/,,"75-77 High Street, Manchester, M4 1FS",M4 1FS,,pizza,,Purezza,restaurant,53.4844457,-2.2376236,node,8999686218,https://www.openstreetmap.org/node/8999686218
35508556,restaurant,This & That,525.5,,https://thisandthatcafe.co.uk/,,"3 Soap Street, Manchester, M4 1EW",M4 1EW,Su-Th 11:30-20:00; Fr-Sa 11:30-21:00,indian,,,restaurant,53.4847055,-2.2381287,node,357208953,https://www.openstreetmap.org/node/357208953
35508556,restaurant,Pieminister,525.6,,https://pieminister.co.uk/restaurants/deansgate/,+44 161 850 9860,"198 Deansgate, Manchester, M3 3NE",M3 3NE,Su-Th 12:00-22:00; Fr-Sa 12:00-23:00,pie,,Pieminister,restaurant,53.4785558,-2.2495909,node,9210046626,https://www.openstreetmap.org/node/9210046626
35508556,restaurant,Wolf At The Door,526.8,nq@watd.co.uk,https://www.watd.co.uk/,+44161 660 7177,"30-32 Thomas Street, Manchester, M4 1ER",M4 1ER,,,,,restaurant,53.4842922,-2.2372192,node,11811330099,https://www.openstreetmap.org/node/11811330099
35508556,pub,The Rat & Pigeon,527.8,,https://www.ratandpigeon.co.uk/,,"33 Back Piccadilly, Manchester, M1 1HP",M1 1HP,,,,,pub,53.4813443,-2.2346761,node,6369083764,https://www.openstreetmap.org/node/6369083764
35508556,restaurant,Nando's,529.2,,https://www.nandos.co.uk/restaurants/manchester-spinningfields,,"2 Hardman Street, Manchester, M3 3HF",M3 3HF,,chicken;portuguese,,Nando's,restaurant,53.4791775,-2.2501179,node,331488417,https://www.openstreetmap.org/node/331488417
35508556,pub,The Lower Turk's Head,530.7,,,,"34-36 Shudehill, Manchester, M4 1EZ",M4 1EZ,,,,,pub,53.4848436,-2.2383403,node,2683674332,https://www.openstreetmap.org/node/2683674332
35508556,restaurant,Bundobust,530.9,manchester@bundobust.com,http://bundobust.com/Manchester/,+44 1613596757,"61 Piccadilly, Manchester, M1 2AG",M1 2AG,Mo-Th 12:00-22:30; Fr-Sa 12:00-23:00; Su 12:00-21:00,indian,,,restaurant,53.4809029,-2.2345794,node,5627680992,https://www.openstreetmap.org/node/5627680992
35508556,pub,The Molly House,531.2,,https://www.themollyhouse.com/,,"26 Richmond Street, Manchester, M1 3NB",M1 3NB,,tapas,,,pub,53.4773216,-2.237098,node,1295097470,https://www.openstreetmap.org/node/1295097470
35508556,restaurant,Flat Iron Manchester,536.9,,https://flatironsteak.co.uk/restaurant/manchester,,"200-204 Deansgate, Manchester, M3 3NN",M3 3NN,We-Th 12:00-22:30; Fr-Sa 12:00-23:00; Su-Tu 12:00-22:00,steak_house,,Flat Iron,restaurant,53.4784534,-2.249691,node,324691503,https://www.openstreetmap.org/node/324691503
35508556,pub,Trof,538.8,,https://trofnq.co.uk/,+44 16 1833 3197,"8 Thomas Street, Manchester, M4 1DH",M4 1DH,"Mo-Th 16:00-00:00; Fr 16:00-01:00, Sa 10:00-01:00, Su 10:00-00:00",,,,pub,53.4847938,-2.237988,node,11207220018,https://www.openstreetmap.org/node/11207220018
35508556,pub,The Bay Horse Tavern,540.5,,http://www.thebayhorsepub.co.uk/,,"35-37 Thomas Street, Manchester, M4 1NA",M4 1NA,,,,,pub,53.4842353,-2.2368211,node,357190247,https://www.openstreetmap.org/node/357190247
35508556,restaurant,Fazenda,541.4,,https://fazenda.co.uk/manchester/,+44 161 207 1183,"1 The Avenue, Manchester, M3 3AP",M3 3AP,,brazilian;argentinian,,,restaurant,53.4803275,-2.250743,node,4946713921,https://www.openstreetmap.org/node/4946713921
35508556,restaurant,Habesha,542.6,,,,"29-31 Sackville Street, Manchester, M1 3LZ",M1 3LZ,,ethiopian,,,restaurant,53.4771266,-2.2372016,node,2681830527,https://www.openstreetmap.org/node/2681830527
35508556,restaurant,Junction,542.6,,,,,,,,,,restaurant,53.4763956,-2.2461292,node,13474403593,https://www.openstreetmap.org/node/13474403593
35508556,restaurant,Manchester House,544.4,,,,,,,,,,restaurant,53.4810915,-2.2508128,node,5647487982,https://www.openstreetmap.org/node/5647487982
35508556,restaurant,Almost Famous,547.1,,https://www.almostfamousburgers.com/,,"235 Deansgate, Manchester, M3 4FN",M3 4FN,,burger,,,restaurant,53.47755,-2.248807,node,2775492848,https://www.openstreetmap.org/node/2775492848
35508556,restaurant,Affleck & Browns,548.5,,,,"4 Hilton Street, Manchester, M4 1NB",M4 1NB,,,,,restaurant,53.4832572,-2.235413,node,6363510779,https://www.openstreetmap.org/node/6363510779
35508556,pub,The Millstone,551.7,,,,"65-67 Thomas Street, Manchester, M4 1LQ",M4 1LQ,,,,,pub,53.4836443,-2.2357689,node,11811330103,https://www.openstreetmap.org/node/11811330103
35508556,restaurant,Comptoir Libanais,553.3,,https://www.comptoirlibanais.com/restaurants/manchester,,"18-19 The Avenue, Manchester, M3 3HF",M3 3HF,,lebanese,,,restaurant,53.4801086,-2.2508806,node,8753550352,https://www.openstreetmap.org/node/8753550352
35508556,pub,The Church,554.3,,,,"37 Chorlton Street, Manchester, M1 3HN",M1 3HN,,,,,pub,53.4776981,-2.2360424,node,529054267,https://www.openstreetmap.org/node/529054267
35508556,restaurant,Italiana Fifty Five Great Northern,555.7,,,,M3 4EN,M3 4EN,,italian;pizza,,,restaurant,53.4776145,-2.2490713,node,12207675405,https://www.openstreetmap.org/node/12207675405
35508556,pub,Via,555.9,,https://www.viamanchester.co.uk/manchester,,"28-30 Canal Street, Manchester, M1 3EZ",M1 3EZ,,,Stonegate,,pub,53.4772069,-2.2367595,node,5833407685,https://www.openstreetmap.org/node/5833407685
35508556,restaurant,Maya,556.3,,https://www.mayamanchester.com/,+44 161 517 0000,"40 Chorlton Street, Manchester, M1 3HW",M1 3HW,,,,,restaurant,53.4774741,-2.2363202,node,13670300528,https://www.openstreetmap.org/node/13670300528
35508556,restaurant,Evuna,561.3,,,,"79 Thomas Street, Manchester, M4 1LQ",M4 1LQ,,spanish,,,restaurant,53.4834417,-2.2353722,node,2873481601,https://www.openstreetmap.org/node/2873481601
35508556,restaurant,Malatang Express,561.8,,,,"44 Oxford Street, Manchester",,,,,,restaurant,53.4757493,-2.2423866,node,6594239639,https://www.openstreetmap.org/node/6594239639
35508556,restaurant,PizzaExpress,561.9,,https://www.pizzaexpress.com/manchester-oxford-street,,"67-69 Oxford Street, Manchester, M1 6EQ",M1 6EQ,Mo-Su 11:30-22:00,pizza,,PizzaExpress,restaurant,53.4757635,-2.241916,node,4169291853,https://www.openstreetmap.org/node/4169291853
35508556,restaurant,CLUK,563.0,,https://www.thecluk.co.uk/,+44 7398 346938,"44 Canal Street, Manchester, M1 3WD",M1 3WD,,korean,,,restaurant,53.4767091,-2.2375862,node,529051894,https://www.openstreetmap.org/node/529051894
35508556,restaurant,Fat Hippo Manchester L7,563.5,,,,M3 4EN,M3 4EN,,,,,restaurant,53.4775249,-2.2490987,node,12207675407,https://www.openstreetmap.org/node/12207675407
35508556,restaurant,Thai,564.4,,https://www.thaikhun.co.uk/thai-restaurant/manchester,,,,Mo-Sa 11:30-22:00; Su 11:30-21:00,thai,,,restaurant,53.4801234,-2.2510532,node,10263430709,https://www.openstreetmap.org/node/10263430709
35508556,restaurant,Deano's,564.9,,,,"20-26 Edge Street, Manchester, M4 1HN",M4 1HN,,,,,restaurant,53.4844179,-2.236607,node,4621805693,https://www.openstreetmap.org/node/4621805693
35508556,restaurant,Liquor & Burn,565.5,,,,"102 High Street, Manchester, M4 1HP",M4 1HP,,mexican,,,restaurant,53.4845593,-2.2368432,node,11993312639,https://www.openstreetmap.org/node/11993312639
35508556,pub,Piccadilly Tavern,565.7,,,,"71-73 Piccadilly, Manchester, M1 2BS",M1 2BS,,,,,pub,53.4806673,-2.2340543,node,6407654103,https://www.openstreetmap.org/node/6407654103
35508556,pub,The Oast House,566.5,,,,"The Oast House Crown Square, Manchester, M3 3AY",M3 3AY,,,,,pub,53.4806231,-2.251156,way,1003382209,https://www.openstreetmap.org/way/1003382209
35508556,restaurant,Suki Suki,570.2,,,,"227 Deansgate, Manchester, M3 4EN",M3 4EN,,noodle,,,restaurant,53.477837,-2.2496331,node,4301868715,https://www.openstreetmap.org/node/4301868715
35508556,restaurant,Village Brasserie,570.4,,https://www.velvetmanchester.com/village-brasserie,,"1 Canal Street, Manchester, M1 3HE",M1 3HE,We 16:00-22:00; Th 12:00-22:00; Fr 10:00-22:00; Sa 10:00-23:00; Su 10:00-20:00,burger;chicken;deli;pizza,,,restaurant,53.4780601,-2.2353133,node,529054551,https://www.openstreetmap.org/node/529054551
35508556,pub,The Hare & Hounds,570.8,,,,"46 Shudehill, Manchester, M4 4AA",M4 4AA,,,,,pub,53.4851024,-2.2378955,node,11207220022,https://www.openstreetmap.org/node/11207220022
35508556,pub,The New Union,571.2,,,+44 161 870 0031,"111 Princess Street, Manchester, M1 6JB",M1 6JB,,,,,pub,53.4762896,-2.2384702,node,529051264,https://www.openstreetmap.org/node/529051264
35508556,restaurant,Yard & Coop,577.1,,,,"23 Edge Street, Manchester, M4 1HW",M4 1HW,,chicken,,,restaurant,53.4843677,-2.2362658,node,4061255878,https://www.openstreetmap.org/node/4061255878
35508556,restaurant,63 Degrees,579.6,,http://www.63degrees.co.uk/,,"104 High Street, Manchester, M4 1HQ",M4 1HQ,,french,,,restaurant,53.4846445,-2.2366857,node,11993312637,https://www.openstreetmap.org/node/11993312637
35508556,pub,The Milton Club,580.8,,,,"244 Deansgate, Manchester, M3 4BQ",M3 4BQ,,,,,pub,53.4779495,-2.2499547,node,6283562718,https://www.openstreetmap.org/node/6283562718
35508556,restaurant,Platzki,580.8,,https://platzki.com,+447719731662,"229 Deansgate, Manchester, M3 4EN",M3 4EN,Mo-Tu off; We-Fr 16:00-22:00; Sa 12:00-22:00; Su 12:00-20:00,polish,,,restaurant,53.4777269,-2.2496974,node,9682562235,https://www.openstreetmap.org/node/9682562235
35508556,pub,The Temple,581.6,,,,"100 Bridgewater Street, Manchester, M1 5JW",M1 5JW,,,,,pub,53.4755731,-2.2422677,node,1842244652,https://www.openstreetmap.org/node/1842244652
35508556,restaurant,Iberica,583.8,,,,"14-15 The Avenue, Manchester, M3 3HF",M3 3HF,,spanish,,,restaurant,53.4801809,-2.2513606,node,5633797146,https://www.openstreetmap.org/node/5633797146
35508556,restaurant,Alabamas,586.7,,,,"10 Newton Street, Manchester, M1 2AN",M1 2AN,,american,,,restaurant,53.4810822,-2.2337457,node,6405139641,https://www.openstreetmap.org/node/6405139641
35508556,restaurant,Banyan Spinningfields,587.6,,https://arcinspirations.com/banyan-spinningfields,,,,,,,,restaurant,53.4795019,-2.2512075,node,6301959760,https://www.openstreetmap.org/node/6301959760
35508556,pub,The Waldorf,588.7,,,,"12 Gore Street, Manchester, M1 3AQ",M1 3AQ,,,,,pub,53.4795818,-2.2339421,node,308128518,https://www.openstreetmap.org/node/308128518
35508556,restaurant,The Green Lab,591.3,,https://www.thegreenlabnq.com/,,"30-32 Dale Street, Manchester, M1 1FY",M1 1FY,,,,,restaurant,53.4814412,-2.2337299,node,6369083725,https://www.openstreetmap.org/node/6369083725
35508556,restaurant,TNQ The Northern Quarter Restaurant,594.1,,http://www.tnq.co.uk/,,"108 High Street, Manchester, M4 1HQ",M4 1HQ,,,,,restaurant,53.4847284,-2.2365144,node,11993312636,https://www.openstreetmap.org/node/11993312636
35508556,restaurant,El Rincon de Rafa - Rafa's Spanish Bar & Restaurant,597.1,,,+44 161 839 8819,"Longworth Street, Manchester",,,spanish,,,restaurant,53.4779955,-2.2502944,node,1898357546,https://www.openstreetmap.org/node/1898357546
35508556,pub,The Northern,599.2,,,,Oldham Street,,,,,,pub,53.483457,-2.2347213,node,308375649,https://www.openstreetmap.org/node/308375649
35508556,restaurant,Bundobust,601.1,brewery@bundobust.com,https://bundobust.com/locations/manchester-brewery/,+44 161 511 8601,"85 Oxford Street, Manchester, M1 6ET",M1 6ET,Mo-Th 12:00-21:30; Fr-Sa 12:00-22:00; Su 12:00-20:00,indian,,,restaurant,53.475427,-2.2416009,node,9895946394,https://www.openstreetmap.org/node/9895946394
35508556,restaurant,Spice Lounge,601.8,,,,"56-58 Shudehill, Manchester, M4 4AA",M4 4AA,,indian,,,restaurant,53.4853014,-2.23755,node,11207220026,https://www.openstreetmap.org/node/11207220026
35508556,restaurant,Ban Mi Co Ba,604.5,,,,"87 Oxford Street, Manchester, M1 6ET",M1 6ET,Mo-Fr 11:00-20:30; Sa 12:00-20:30,vietnamese,,,restaurant,53.4753974,-2.2415771,node,9895946395,https://www.openstreetmap.org/node/9895946395
35508556,restaurant,Mamucium,604.6,,,,"6 Todd Street, Manchester, M3 1WU",M3 1WU,,,,,restaurant,53.4862154,-2.2417767,node,6253704163,https://www.openstreetmap.org/node/6253704163
35508556,restaurant,Great North Pie,605.3,,,,,,,,,,restaurant,53.4776753,-2.2351093,node,11081119148,https://www.openstreetmap.org/node/11081119148
35508556,restaurant,Turtle Bay,607.5,,,,"48-50 Oldham Street, Manchester, M4 1LE",M4 1LE,,caribbean,,Turtle Bay,restaurant,53.4832969,-2.2344336,node,6358776791,https://www.openstreetmap.org/node/6358776791
35508556,restaurant,Sweet Mandarin,607.8,,,,"19 Copperas Street, Manchester, M4 1HS",M4 1HS,,chinese,,,restaurant,53.4848012,-2.2363427,node,357286489,https://www.openstreetmap.org/node/357286489
35508556,restaurant,Nell's Pizza,607.9,,,,,,,american,,,restaurant,53.4778396,-2.234877,node,10593056199,https://www.openstreetmap.org/node/10593056199
35508556,restaurant,Madre,608.7,,,,,,,mexican,,,restaurant,53.4773746,-2.2354247,node,11081119146,https://www.openstreetmap.org/node/11081119146
35508556,pub,The Head of Steam,610.9,manchesternq@theheadofsteam.co.uk,https://www.theheadofsteam.co.uk/bars/manchesternq,+44 161 672 9300,"16 Newton Street, Manchester, M1 2AE",M1 2AE,Su-Th 12:00-23:00; Fr-Sa 12:00-24:00,japanese;fusion;cocktails,,,pub,53.481227,-2.2333954,node,4622359090,https://www.openstreetmap.org/node/4622359090
35508556,restaurant,Yum Cha,614.9,,,,,,,asian,,,restaurant,53.4779586,-2.2346276,node,10593056200,https://www.openstreetmap.org/node/10593056200
35508556,restaurant,Winsome,615.2,enquiries@winsomemcr.co.uk,https://www.winsomemcr.co.uk/,+44 7776 880839,"74 Princess Street, M1 6JD",M1 6JD,,,,,restaurant,53.4758638,-2.2384022,node,13078690301,https://www.openstreetmap.org/node/13078690301
35508556,university,UCEN Manchester (Shena Simon Campus),618.2,,https://www.ucenmanchester.ac.uk/contact/locations/shena-simon-campus/,,"Shena Simon Campus Whitworth Street, Manchester, M1 3HB",M1 3HB,,,,,university,53.4770054,-2.2357718,node,11771859386,https://www.openstreetmap.org/node/11771859386
35508556,restaurant,James Martin,618.5,,,,,,,,,,restaurant,53.4768675,-2.2492093,node,4313435491,https://www.openstreetmap.org/node/4313435491
35508556,pub,Tib Street Tavern,622.6,,http://www.tibstreettavern.co.uk/,+441618341600,"74 Tib Street, Manchester, M4 1LG",M4 1LG,,,,,pub,53.4837776,-2.2346309,node,2683750260,https://www.openstreetmap.org/node/2683750260
35508556,pub,The Black Lion Pub,623.4,,https://theblacklionmanchester.co.uk/,,"65 Chapel Street, Salford, M3 5BZ",M3 5BZ,,,,,pub,53.4846729,-2.249412,node,3659125466,https://www.openstreetmap.org/node/3659125466
35508556,restaurant,The Ivy,624.5,,,,,,,british,,The Ivy Collection,restaurant,53.4793881,-2.251735,way,1003906956,https://www.openstreetmap.org/way/1003906956
35508556,restaurant,Peru Perdu,628.1,,,,"74 Princess Street, Manchester, M1 6JD",M1 6JD,,,,,restaurant,53.4757661,-2.2382926,node,9111091405,https://www.openstreetmap.org/node/9111091405
35508556,restaurant,The Storehouse,638.5,,,,,,,,,,restaurant,53.4755738,-2.2386038,node,9111091413,https://www.openstreetmap.org/node/9111091413
35508556,restaurant,Store Street Exchange,646.4,reservations@storestreetmanchester.co.uk,https://www.storestreetmanchester.co.uk/,+44 161 242 1000,"1 Auburn Street, Manchester, M1 3DG",M1 3DG,Mo-Su 06:00-22:00,bar_and_grill;burger;steak_house;fish,,,restaurant,53.4785297,-2.2336075,node,5188125878,https://www.openstreetmap.org/node/5188125878
35508556,restaurant,The Pasta Factory,650.3,,,,"77 Shudehill, Manchester, M4 4AN",M4 4AN,Tu-Su 12:00-22:00,italian,,,restaurant,53.4857084,-2.2372556,node,5741704785,https://www.openstreetmap.org/node/5741704785
35508556,restaurant,Fress,652.2,,,,"62 Oldham Street, Manchester, M4 1LE",M4 1LE,,,,,restaurant,53.4836335,-2.2339705,node,6358776660,https://www.openstreetmap.org/node/6358776660
35508556,restaurant,Cocktail Beer Ramen + Bun,652.7,,,,Oldham Street,,Tu-Su 12:00-02:00; Mo 17:00-02:00,,,,restaurant,53.4837985,-2.2341198,node,7235123385,https://www.openstreetmap.org/node/7235123385
35508556,pub,Victoria Tap,655.2,,,,"2 Todd Street, Manchester, M3 1WY",M3 1WY,,,,,pub,53.4866679,-2.2417054,node,12077149669,https://www.openstreetmap.org/node/12077149669
35508556,restaurant,20 Stories,657.2,,,,"1 Hardman Square, Manchester, M3 3EB",M3 3EB,,,,,restaurant,53.4789292,-2.2520206,node,11958247350,https://www.openstreetmap.org/node/11958247350
35508556,pub,The Wheatsheaf,657.4,,,,"30 Oak Street, Manchester, M4 5JE",M4 5JE,,,,,pub,53.4844336,-2.2347619,node,12003596216,https://www.openstreetmap.org/node/12003596216
35508556,restaurant,Chakalaka,658.0,enquiries@chakalakabar.com,https://chakalakabar.com,,"105A Oldham Street, Manchester, M4 1LW",M4 1LW,"Mo,We-Th 17:00-22:00; Fr 17:00-02:00; Sa 12:00-02:00; Su 14:00-22:00",african,,,restaurant,53.4838441,-2.2340726,node,9790953274,https://www.openstreetmap.org/node/9790953274
35508556,restaurant,Samsi,658.2,,,,"36-38 Whitworth Street, Manchester, M1 3NR",M1 3NR,,japanese,,,restaurant,53.476127,-2.236495,node,972980709,https://www.openstreetmap.org/node/972980709
35508556,pub,O'Shea's,658.7,,,,"80 Princess Street, Manchester, M1 6NF",M1 6NF,,,,,pub,53.4755098,-2.2381219,node,1325785049,https://www.openstreetmap.org/node/1325785049
35508556,restaurant,Brasserie Abode,658.9,,https://www.abodemanchester.co.uk/dining-drinking,,"107 Piccadilly, Manchester, M1 2DB",M1 2DB,,,,,restaurant,53.4797694,-2.2327942,node,6412566562,https://www.openstreetmap.org/node/6412566562
35508556,college,The Manchester College (Shena Simon Campus),660.0,,https://www.tmc.ac.uk/locations/shena-simon-campus/,,"Shena Simon Campus Whitworth Street, Manchester, M1 3HB",M1 3HB,,,,,college,53.4767484,-2.2353119,node,11724958470,https://www.openstreetmap.org/node/11724958470
35508556,restaurant,Star Chef,661.9,,,,"61-63 Whitworth Street, Manchester, M1 3NY",M1 3NY,,,,,restaurant,53.475639,-2.2376146,node,11076734173,https://www.openstreetmap.org/node/11076734173
35508556,pub,Castle Hotel,663.7,,,,"66 Oldham Street, Manchester, M4 1LE",M4 1LE,,,Robinsons,Robinsons,pub,53.4837138,-2.2338462,node,1359479838,https://www.openstreetmap.org/node/1359479838
35508556,pub,Peveril of the Peak,664.0,,,+44 161 236 6364,"127 Great Bridgewater Street, Manchester, M1 5JQ",M1 5JQ,,,,,pub,53.4749522,-2.244632,way,100646638,https://www.openstreetmap.org/way/100646638
35508556,restaurant,Han Dynasty,664.9,,,,"61-63 Whitworth Street, Manchester, M1 3NY",M1 3NY,,,,,restaurant,53.4756804,-2.2374078,node,1317584719,https://www.openstreetmap.org/node/1317584719
35508556,restaurant,Glasshouse,666.3,,,,"70 Shudehill, Manchester, M4 4AF",M4 4AF,,,,,restaurant,53.4856543,-2.2366962,node,357201437,https://www.openstreetmap.org/node/357201437
35508556,pub,Gullivers,668.1,,,,"109 Oldham Street, Manchester, M4 1LW",M4 1LW,,,,,pub,53.483909,-2.2339603,node,2087125626,https://www.openstreetmap.org/node/2087125626
35508556,pub,Rovers Return,669.1,,,,"89-91 Chapel Street, Salford, M3 5DF",M3 5DF,,,,,pub,53.4845217,-2.250545,node,4509203699,https://www.openstreetmap.org/node/4509203699
35508556,restaurant,Noi Quattro,670.8,,https://www.noiquattro.co.uk/,,"120 High Street, Manchester, M4 1HQ",M4 1HQ,Tu-Th 17:00-22:00; Fr 17:00-22:30; Sa 12:00-10:30; Su 12:00-09:30,italian,,,restaurant,53.4850664,-2.2354317,node,10649152521,https://www.openstreetmap.org/node/10649152521
35508556,restaurant,Bondi Bowls,677.5,,,,,,Mo-Su 09:00-21:00,ramen,,,restaurant,53.4769751,-2.2346315,node,13892051539,https://www.openstreetmap.org/node/13892051539
35508556,restaurant,Cardinal Rule,684.2,howdy@cardinalrule.co.uk,https://www.cardinalrule.co.uk/,,"10 Tariff Street, M1 2FF",M1 2FF,Mo-Sa 12:00-21:00; Su 12:00-19:00,american,,,restaurant,53.4812025,-2.2322828,node,12639683701,https://www.openstreetmap.org/node/12639683701
35508556,pub,Sadler's Cat,691.2,,https://www.sadlers-cat.pub/,,"Sadlers Yard, Manchester, M60 0AB",M60 0AB,,,,,pub,53.4868319,-2.2400771,way,589617982,https://www.openstreetmap.org/way/589617982
35508556,restaurant,Bill's,698.3,,,,,,,british,,Bill's,restaurant,53.4796675,-2.252979,node,9947179827,https://www.openstreetmap.org/node/9947179827
35508556,restaurant,The Refuge,698.8,,https://www.refugemcr.co.uk/,,"Refuge Assurance Building Oxford Street, Manchester, M60 7HA",M60 7HA,,coffee_shop;breakfast;brunch,,,restaurant,53.4746088,-2.2407914,node,3185353683,https://www.openstreetmap.org/node/3185353683
35508556,pub,Crown & Anchor,698.9,,,,"41 Hilton Street, Manchester, M1 2EE",M1 2EE,,,,,pub,53.4819086,-2.2322038,node,307968585,https://www.openstreetmap.org/node/307968585
35508556,pub,Rain Bar,701.6,,https://www.rain-bar.co.uk/,,"80 Great Bridgewater Street, Manchester, M1 5JG",M1 5JG,,,,,pub,53.4746768,-2.2451592,way,100646641,https://www.openstreetmap.org/way/100646641
35508556,restaurant,Soots,713.4,,https://www.sootsmcr.com/,,"108 Tib Street, M4 1LR",M4 1LR,Tu-Th 17:00-22:00; Fr-Su 12:00-22:00,italian,,,restaurant,53.4844171,-2.2336952,node,13464318279,https://www.openstreetmap.org/node/13464318279
35508556,restaurant,Tattu,713.8,,https://tattu.co.uk/manchester/,+44 161 8192 060,"3 Hardman Square, Manchester, M3 3EB",M3 3EB,Mo-Su 12:00-22:45,chinese,,,restaurant,53.4797376,-2.2532386,node,6958482910,https://www.openstreetmap.org/node/6958482910
35508556,restaurant,Asmara Bella Bar & Restaurant,717.4,,,,"37 Port Street, Manchester, M1 2EQ",M1 2EQ,,east_african,,,restaurant,53.4820169,-2.2319522,node,6405139529,https://www.openstreetmap.org/node/6405139529
35508556,pub,The Briton's Protection,720.1,,,,"50 Great Bridgewater Street, Manchester, M1 5LE",M1 5LE,,,,,pub,53.4749551,-2.2472863,way,165386100,https://www.openstreetmap.org/way/165386100
35508556,pub,Port Street Beer House,722.0,,https://www.portstreetbeerhouse.co.uk/,,"39-41 Port Street, Manchester, M1 2EQ",M1 2EQ,Mo-Fr 16:00-24:00; Sa 16:00-02:00; Su 12:00-24:00,,,,pub,53.4820552,-2.2318952,node,1297083378,https://www.openstreetmap.org/node/1297083378
35508556,restaurant,Bravissimi,725.5,,,,"Gateway House Piccadilly Station Approach, Manchester, M1 2GH",M1 2GH,,pizza,,,restaurant,53.4787671,-2.2321814,node,6022804979,https://www.openstreetmap.org/node/6022804979
35508556,restaurant,Evuna Restaurant,729.8,,,+44 161 819 2752,"279 Deansgate, Manchester, M3 4EW",M3 4EW,,spanish,,,restaurant,53.4762536,-2.2505535,node,3693276992,https://www.openstreetmap.org/node/3693276992
35508556,pub,The City,730.9,,,,,,,,,,pub,53.4844522,-2.2334167,way,198726455,https://www.openstreetmap.org/way/198726455
35508556,college,Futureworks,732.2,,https://futureworks.ac.uk/,+44 161 214 4600,"Riverside New Bailey Street, Salford, M3 5FS",M3 5FS,,,,,college,53.4822728,-2.2533851,node,9063279204,https://www.openstreetmap.org/node/9063279204
35508556,pub,Lammars,735.8,,,,"57 Hilton Street, Manchester, M1 2EJ",M1 2EJ,,,,,pub,53.481122,-2.231494,node,307754335,https://www.openstreetmap.org/node/307754335
35508556,restaurant,Enish,743.6,,https://www.enish.co.uk/enish-manchester,,"310 Deansgate, Manchester, M3 4HE",M3 4HE,,nigerian,,,restaurant,53.4763103,-2.2509269,node,9866926737,https://www.openstreetmap.org/node/9866926737
35508556,pub,The Smithfield Market Tavern,743.9,,,,"33-37 Swan Street, Manchester, M4 5JZ",M4 5JZ,Su 12:00-23:00; Mo 16:00-23:00; Tu-Fr 14:00-24:00; Sa 12:00-24:00,,,,pub,53.4853915,-2.2344242,node,308375621,https://www.openstreetmap.org/node/308375621
35508556,restaurant,Penang,744.2,,,,"90 Oldham Street, Manchester, M4 1LJ",M4 1LJ,"Mo,Tu,Th 12:00-22:00; Fr,Sa 12:00-22:30; Su 12:00-21:00",malay;thai,,,restaurant,53.4842929,-2.2330063,node,6357934442,https://www.openstreetmap.org/node/6357934442
35508556,pub,The Rose & Monkey Hotel,745.4,,,,"31 Swan Street, Manchester, M4 5JZ",M4 5JZ,,,,,pub,53.4853483,-2.2343246,node,308375623,https://www.openstreetmap.org/node/308375623
35508556,restaurant,Maracas,745.7,,,,,,,mexican;peruvian,,,restaurant,53.4846886,-2.2517822,node,13289340601,https://www.openstreetmap.org/node/13289340601
35508556,pub,The Garratt,749.2,,,,"127 Princess Street, Manchester, M1 7AG",M1 7AG,,,,,pub,53.4748235,-2.2373713,way,182517477,https://www.openstreetmap.org/way/182517477
35508556,pub,Grand Central,756.2,,,,,,,,,,pub,53.4740813,-2.2408308,node,497393593,https://www.openstreetmap.org/node/497393593
35508556,pub,Piccadilly Tap,760.2,,https://piccadillytap.com/,,"Gateway House Piccadilly Station Approach, Manchester, M1 2GH",M1 2GH,"Mo 13:00-23:00, Tu,We 12:00-23:00, Th-Sa 11:00-24:00, Su 11:00-23:00",,,,pub,53.4784661,-2.2318021,node,3426809400,https://www.openstreetmap.org/node/3426809400
35508556,restaurant,Ciaooo,760.4,,,,"62-64 Swan Street, Manchester, M4 5JU",M4 5JU,,italian,,,restaurant,53.4860829,-2.2353021,node,11238417871,https://www.openstreetmap.org/node/11238417871
35508556,restaurant,Dimitri's,761.9,,,,"1-3 Campfield Avenue Arcade, Manchester, M3 4FH",M3 4FH,,,,,restaurant,53.4761318,-2.2510278,node,249518315,https://www.openstreetmap.org/node/249518315
35508556,pub,Wayfarer,763.5,,,,,,,,,,pub,53.4846408,-2.2330359,way,198745837,https://www.openstreetmap.org/way/198745837
35508556,pub,Salisbury Ale House,765.6,,,,"2 Wakefield Street, Manchester, M1 5NE",M1 5NE,,,,,pub,53.4739756,-2.2410653,way,248794455,https://www.openstreetmap.org/way/248794455
35508556,restaurant,Ramona,768.4,,,,"40 Swan Street, Manchester, M4 5JG",M4 5JG,,pizza,,,restaurant,53.4857186,-2.2344439,node,11254937408,https://www.openstreetmap.org/node/11254937408
35508556,restaurant,The Firehouse,769.5,,,,"40 Swan Street, Manchester, M4 5JG",M4 5JG,,,,,restaurant,53.4856883,-2.2343686,node,11254937409,https://www.openstreetmap.org/node/11254937409
35508556,pub,The Beer House Bar & Kitchen,769.7,,,,"Victoria Station Long Millgate, Manchester, M3 1NX",M3 1NX,,,,,pub,53.4877194,-2.24293,node,5628820432,https://www.openstreetmap.org/node/5628820432
35508556,restaurant,Pull Up,772.7,,,,"14-16 Swan Street, Manchester, M4 5JN",M4 5JN,,caribbean,,,restaurant,53.4851927,-2.2335506,node,11260274652,https://www.openstreetmap.org/node/11260274652
35508556,pub,Bar Fringe,777.9,,,,"8 Swan Street, Manchester, M4 5JN",M4 5JN,,,,,pub,53.485071,-2.2332895,node,1177311373,https://www.openstreetmap.org/node/1177311373
35508556,pub,Piccadilly Central,782.9,,https://piccadillycentral.com/,,"38 London Road, Manchester, M1 2PF",M1 2PF,,,,,pub,53.4774311,-2.2322107,node,2688586605,https://www.openstreetmap.org/node/2688586605
35508556,pub,O'Connell's,788.2,,,,,,"Su-Th 11:30-24:00, Fr-Sa 11:30-25:00",,,,pub,53.473783,-2.2409134,way,136999888,https://www.openstreetmap.org/way/136999888
35508556,restaurant,,790.3,,,,,,,,,,restaurant,53.4807996,-2.254543,node,5443513223,https://www.openstreetmap.org/node/5443513223
35508556,restaurant,Don Marco,795.6,info@donmarcomanchester.co.uk,https://www.donmarcomanchester.co.uk/,+44 161 831 9130,"5 Campfield Avenue Arcade, Manchester, M3 4FN",M3 4FN,Mo-Sa 12:00-23:00; Su 12:00-22:00,italian,,,restaurant,53.4758951,-2.2513537,node,6507208553,https://www.openstreetmap.org/node/6507208553
35508556,restaurant,,802.8,,,,,,,,,,restaurant,53.4806183,-2.2547277,node,5443513221,https://www.openstreetmap.org/node/5443513221
35508556,pub,The Crown & Kettle,807.4,,,,"2 Oldham Road, Manchester, M4 5FE",M4 5FE,,,,,pub,53.4848144,-2.232433,node,303811097,https://www.openstreetmap.org/node/303811097
35508556,pub,The Lass O'Gowrie,807.7,,https://www.greeneking.co.uk/pubs/greater-manchester/lass-o-gowrie,,"36 Charles Street, Manchester, M1 7DB",M1 7DB,Su-We 12:00-00:00; Th-Sa 12:00-01:00,,,Greene King,pub,53.4741168,-2.2378191,node,9767490612,https://www.openstreetmap.org/node/9767490612
35508556,restaurant,One+,812.4,,,,"42 Charles Street, Manchester, M1 7DB",M1 7DB,,chinese,,,restaurant,53.4739379,-2.2383845,node,1325521461,https://www.openstreetmap.org/node/1325521461
35508556,restaurant,Podium Restaurant,818.3,,,,"303 Deansgate, Manchester, M3 4LQ",M3 4LQ,,,,,restaurant,53.4753853,-2.2509752,node,3590719977,https://www.openstreetmap.org/node/3590719977
35508556,restaurant,Cibo,823.3,,,,"3-11 Liverpool Road, Manchester, M3 4NW",M3 4NW,,italian,,,restaurant,53.4757274,-2.2516632,node,2886288823,https://www.openstreetmap.org/node/2886288823
35508556,restaurant,Sushi Doki,829.0,,,,"50 Great Ancoats Street, Manchester, M4 5AB",M4 5AB,,sushi,,,restaurant,53.4836311,-2.2310107,node,6357899807,https://www.openstreetmap.org/node/6357899807
35508556,restaurant,Jimmy's Killer Prawns,829.2,,,,"13-25 Liverpool Road, Manchester, M3 4NW",M3 4NW,,seafood,,,restaurant,53.4757925,-2.2518842,node,9870858055,https://www.openstreetmap.org/node/9870858055
35508556,restaurant,Mollie's Diner,829.2,,https://www.mollies.com/,,"4 Atherton Street, Manchester, M3 3GS",M3 3GS,,american;diner,,,restaurant,53.4790143,-2.254767,node,13606030925,https://www.openstreetmap.org/node/13606030925
35508556,pub,The Mill,832.6,,,,"Piccadilly Station Piccadilly Station Approach, Manchester, M1 2BN",M1 2BN,,,,,pub,53.4778949,-2.2310037,node,4267863889,https://www.openstreetmap.org/node/4267863889
35508556,restaurant,YO! Sushi,836.9,,https://yosushi.com/restaurants/manchester-piccadilly-station,,"Piccadilly Station Piccadilly Station Approach, Manchester",,,sushi,,YO! Sushi,restaurant,53.4775406,-2.2311999,node,6002342988,https://www.openstreetmap.org/node/6002342988
35508556,pub,City Road Inn,839.4,,,+44 161 236 3820,"14 Albion Street, Manchester, M1 5NZ",M1 5NZ,,,,,pub,53.474087,-2.2484021,way,114421553,https://www.openstreetmap.org/way/114421553
35508556,restaurant,HOME Bar & Kitchen,841.3,,,+44 161 212 3500,,,Mo-Sa 12:00-22:00; Su 12:00-21:00,,,,restaurant,53.4735904,-2.2464555,node,11938338693,https://www.openstreetmap.org/node/11938338693
35508556,pub,Cask,843.5,,,,"29 Liverpool Road, Manchester, M3 4NQ",M3 4NQ,,,,,pub,53.475919,-2.2523574,node,1167762818,https://www.openstreetmap.org/node/1167762818
35508556,restaurant,Carluccio's,847.6,,https://www.carluccios.com/restaurants/manchester-piccadilly/,,"Piccadilly Station Piccadilly Station Approach, Manchester, M1 2PB",M1 2PB,,italian,,Carluccio's,restaurant,53.477107,-2.2313945,node,1892251844,https://www.openstreetmap.org/node/1892251844
35508556,pub,The Deansgate,853.1,,https://www.greeneking.co.uk/pubs/greater-manchester/deansgate,,"321 Deansgate, Manchester, M3 4LQ",M3 4LQ,,,,Greene King,pub,53.4750991,-2.2512277,node,2886288857,https://www.openstreetmap.org/node/2886288857
35508556,pub,Gas Works,855.5,,,,,,,,,,pub,53.4734157,-2.246227,node,4310817160,https://www.openstreetmap.org/node/4310817160
35508556,restaurant,Monkey Trio,857.2,,,,"3 Valette Walk, M1 7GA",M1 7GA,"Su, Tu-Th 12:00-22:00; Fr-Sa 12:00-23:00",japanese,,,restaurant,53.4733644,-2.2391817,node,13606407201,https://www.openstreetmap.org/node/13606407201
35508556,pub,The Angel,858.4,,http://theangelmanchester.com/,+44 161 833 4786,"6 Angel Street, Manchester, M4 4BR",M4 4BR,,,,,pub,53.4871776,-2.2352888,node,11290821391,https://www.openstreetmap.org/node/11290821391
35508556,pub,White Lion,863.6,,https://www.craftunionpubs.com/white-lion-manchester,,"43 Liverpool Road, Manchester, M3 4NQ",M3 4NQ,,,Stonegate,,pub,53.4760089,-2.2528717,way,1076403010,https://www.openstreetmap.org/way/1076403010
35508556,restaurant,NUDON,868.8,,,,"6A Oxford Road, Manchester, M1 5QA",M1 5QA,,noodle,,,restaurant,53.47314,-2.2400134,node,9833951591,https://www.openstreetmap.org/node/9833951591
35508556,restaurant,Caribbean Flavas,872.7,,,+44 161 425 2022,"187 Chapel Street, Salford, M3 5EQ",M3 5EQ,"Mo-Fr 12:00-21:00,Sa 14:00-19:00,Su 15:00-19:00",jamaican,,,restaurant,53.4833084,-2.2550972,node,10174719256,https://www.openstreetmap.org/node/10174719256
35508556,restaurant,Oseyo,875.4,,,,"8 Oxford Road, Manchester, M1 5QA",M1 5QA,,korean,,,restaurant,53.4730858,-2.2399627,node,9261158914,https://www.openstreetmap.org/node/9261158914
35508556,restaurant,Fenix,878.8,,https://fenixrestaurants.com/contact/,,"The Goods Yard Building Goods Yard Street, Manchester, M3 3BG",M3 3BG,,greek,,,restaurant,53.4790964,-2.2555688,node,11538532734,https://www.openstreetmap.org/node/11538532734
35508556,pub,The Bull's Head,879.1,,http://thebullsheadpiccadilly.co.uk/,,"84 London Road, Manchester, M1 2PN",M1 2PN,,,,Marston's,pub,53.4763612,-2.231607,way,187808442,https://www.openstreetmap.org/way/187808442
35508556,pub,Northern Bar,884.1,,https://northbar.com/circle-square,,"North Taproom, Vita East, Circle Square Nobel Way, Manchester, M1 7FA",M1 7FA,"Mo,Tu 11:00-23:00, We,Th 11:00-23:30, Fr,Sa 11:00-00:30, Su 11:00-22:00",asian,,,pub,53.473288,-2.2382237,node,11055114823,https://www.openstreetmap.org/node/11055114823
35508556,restaurant,Onda pasta bar,884.4,hello@ondapastabar.com,https://ondapastabar.com/,,"No.1 Circle Square Oxford Road, Manchester, M1 7FS",M1 7FS,We-Fr 16:00-23:00; Sa-Su 12:00-23:00,italian,,,restaurant,53.4731393,-2.2390076,node,13078688402,https://www.openstreetmap.org/node/13078688402
35508556,restaurant,Chimaek,884.7,,,,"The Quadrangle Hulme Street, Manchester, M1 5GL",M1 5GL,"PH,Mo-Su 12:00-21:00",korean,,,restaurant,53.4729086,-2.2408982,node,2692939905,https://www.openstreetmap.org/node/2692939905
35508556,restaurant,No. 8 Hotpot,886.7,,,,"The Quadrangle Hulme Street, Manchester, M1 5GL",M1 5GL,,chinese,,,restaurant,53.4728832,-2.2409963,node,11818434490,https://www.openstreetmap.org/node/11818434490
35508556,pub,Egerton Arms,887.5,,,,"2 Gore Street, Salford, M3 5FP",M3 5FP,,,,,pub,53.4832202,-2.2553816,way,944457450,https://www.openstreetmap.org/way/944457450
35508556,restaurant,The Bistro,888.0,,,,,,,regional,Museum of Science and Industry,,restaurant,53.477122,-2.254512,node,2775051317,https://www.openstreetmap.org/node/2775051317
35508556,restaurant,Spicy & Tasty,892.4,,,,"The Quadrangle Hulme Street, Manchester, M1 5GL",M1 5GL,,chinese,,,restaurant,53.4728179,-2.2411945,node,11818434491,https://www.openstreetmap.org/node/11818434491
35508556,restaurant,Viet Shack,892.7,,https://www.vietshackrestaurant.co.uk/,,"59 Great Ancoats Street, Manchester, M4 5AB",M4 5AB,"Mo-Fr 12:00-14:00,17:30-21:00; Sa 12:30-21:30; Su 12:30-20:30",vietnamese,,,restaurant,53.483378,-2.2298239,node,7997301931,https://www.openstreetmap.org/node/7997301931
35508556,restaurant,LÜCKY,898.3,,,,"13 Blossom Street, Manchester, M4 5AF",M4 5AF,,sushi;ramen,,,restaurant,53.4840221,-2.2301509,node,9131640706,https://www.openstreetmap.org/node/9131640706
35508556,restaurant,Maricarmen,900.0,,,,,,"Mo-Th 12:00-22:00; Fr,Sa 12:00-23:00",mexican,,,restaurant,53.4832745,-2.2296494,node,12983094388,https://www.openstreetmap.org/node/12983094388
35508556,college,The Manchester College (City Campus),900.8,,https://www.tmc.ac.uk/locations/city-campus-manchester/,,,,,,,,college,53.4887053,-2.2455754,node,11730995522,https://www.openstreetmap.org/node/11730995522
35508556,pub,Oxnoble,902.3,,https://www.greatukpubs.co.uk/oxnoble-pub-manchester,,"71 Liverpool Road, Manchester, M3 4NQ",M3 4NQ,,,Stonegate,,pub,53.4763399,-2.2539903,node,249515967,https://www.openstreetmap.org/node/249515967
35508556,restaurant,Indian Tiffin Room,903.9,,https://www.indiantiffinroom.com/manchester-restaurant/,+44 161 228 1000,"2 Isabella Banks Street, Manchester, M15 4RL",M15 4RL,,indian,,,restaurant,53.4732775,-2.2477761,node,4308384589,https://www.openstreetmap.org/node/4308384589
35508556,restaurant,PizzaExpress,904.5,,https://www.pizzaexpress.com/manchester-first-street,,"1 First Street, Manchester",,,pizza,,PizzaExpress,restaurant,53.4731131,-2.2470699,way,448499600,https://www.openstreetmap.org/way/448499600
35508556,university,UCEN Manchester (City Campus),911.0,,https://www.ucenmanchester.ac.uk/contact/locations/city-campus-manchester/,,,,,,,,university,53.4888985,-2.2446846,node,11730995523,https://www.openstreetmap.org/node/11730995523
35508556,pub,Eagle Inn,917.2,,https://www.joseph-holt.com/Joseph-Holt-Pubs-125-Eagle-Inn.aspx,,"19 Collier Street, Salford, M3 7DW",M3 7DW,,,,,pub,53.487282,-2.2511716,node,2207129152,https://www.openstreetmap.org/node/2207129152
35508556,college,Ada National College for Digital Skills,918.2,,https://www.ada.ac.uk/ada-manchester,,"16 Blossom Street, Manchester, M4 5AW",M4 5AW,,,,,college,53.4840302,-2.2298297,node,12016487235,https://www.openstreetmap.org/node/12016487235
35508556,restaurant,1853 Restaurant,923.0,,https://www.ucenmanchester.ac.uk/life/facilities/restaurants/1853-restaurant/,,,,,,,,restaurant,53.4888908,-2.2457187,node,11730995524,https://www.openstreetmap.org/node/11730995524
35508556,pub,Edinburgh Castle,924.4,,,,"17 Blossom Street, Manchester, M4 5AN",M4 5AN,,,,,pub,53.4842029,-2.229853,node,12010012415,https://www.openstreetmap.org/node/12010012415
35508556,restaurant,Hakkapo,924.9,,,,,,,,,,restaurant,53.4726894,-2.2457003,node,13340631673,https://www.openstreetmap.org/node/13340631673
35508556,restaurant,Canto,937.6,enquiries@cantorestaurant.com,https://www.cantorestaurant.com,,"55 Henry Street, Manchester, M4 5DH",M4 5DH,We-Th 17:00-23:00; Fr-Sa 12:00-00:00; Su 12:00-23:00,spanish,,,restaurant,53.4841774,-2.2296169,node,7040154985,https://www.openstreetmap.org/node/7040154985
35508556,restaurant,American Pies,940.7,,,,,,,pizza,,,restaurant,53.4843252,-2.2296763,node,13564367731,https://www.openstreetmap.org/node/13564367731
35508556,restaurant,Blue Eyed Panda,941.3,,https://www.blueeyedpanda.co.uk/,,"3 Jersey Street, Manchester, M4 6JA",M4 6JA,,chinese,,,restaurant,53.4835686,-2.2291567,node,12016487237,https://www.openstreetmap.org/node/12016487237
35508556,restaurant,Ribeye Steakhouse,942.7,,,,"8 First Street, Manchester, M15 4RP",M15 4RP,,steak_house,,,restaurant,53.4728912,-2.2477303,node,12666422428,https://www.openstreetmap.org/node/12666422428
35508556,restaurant,Rump N Ribs,943.2,bookings@rumpnribs.co.uk,https://rumpnribs.co.uk/,+44 161 228 2284,"73-83 Liverpool Road, Manchester, M3 4AQ",M3 4AQ,Mo-Th 17:00-23:00; Fr 17:00-23:30; Sa 16:00-23:30; Su 16:00-22:30,steak_house,,,restaurant,53.476412,-2.2547983,node,4301952128,https://www.openstreetmap.org/node/4301952128
35508556,restaurant,Punjab,947.0,,,,"73-83 Liverpool Road, Manchester, M3 4AQ",M3 4AQ,,,,,restaurant,53.4764453,-2.2548985,node,11084648242,https://www.openstreetmap.org/node/11084648242
35508556,restaurant,Lameizi Restaurant,947.1,,,,"The Quadrangle Chester Street, Manchester, M1 5QS",M1 5QS,"Mo-Fr 11:00-20:30; Sa,Su 11:10-20:00",,,,restaurant,53.4723967,-2.2402652,node,3418588820,https://www.openstreetmap.org/node/3418588820
35508556,restaurant,Nando's,948.8,,https://www.nandos.co.uk/restaurants/manchester-oxford-road,,"The Quadrangle Chester Street, Manchester, M1 5QS",M1 5QS,,chicken;portuguese,,Nando's,restaurant,53.4723732,-2.2403471,node,3374288879,https://www.openstreetmap.org/node/3374288879
35508556,restaurant,Etci Mehmet,951.5,,,,"The Quadrangle Chester Street, Manchester, M1 5QS",M1 5QS,,steak_house,,,restaurant,53.4723322,-2.2405275,node,6399602683,https://www.openstreetmap.org/node/6399602683
35508556,restaurant,Rudy's Pizza,951.8,,https://www.rudyspizza.co.uk/location/ancoats/,,"9 Cotton Street, Manchester, M4 5BF",M4 5BF,,pizza,,,restaurant,53.4841994,-2.2293983,node,4816899891,https://www.openstreetmap.org/node/4816899891
35508556,restaurant,Hello Oriental,954.1,,https://www.hello-oriental.co.uk/,,"2 Symphony Park, Manchester, M1 7FS",M1 7FS,"Mo-Th 10:30-22:00, Fr 10:30-23:00,Sa 10:30-00:00, Su 10:30-21:00",asian,,,restaurant,53.4726396,-2.238143,node,13186274249,https://www.openstreetmap.org/node/13186274249
35508556,restaurant,ZOUK,955.2,,https://www.zoukteabar.co.uk/,,"The Quadrangle Chester Street, Manchester, M1 5QS",M1 5QS,,indian,,,restaurant,53.472288,-2.24066,node,2796469874,https://www.openstreetmap.org/node/2796469874
35508556,pub,The Black Friar,955.6,,https://www.theblackfriarsalford.co.uk,,"41-43 Blackfriars Road, Salford, M3 7DB",M3 7DB,Su-Mo 12:00-21:00; Tu-Th 12:00-22:00; Fr-Sa 12:00-23:00,,,,pub,53.4865214,-2.2533769,way,1052533886,https://www.openstreetmap.org/way/1052533886
35508556,restaurant,Akbar's,959.4,,https://www.akbars.co.uk/,+44 161 834 8444,"Liverpool Road, Manchester",,,indian,,,restaurant,53.4764787,-2.2551485,node,4301952129,https://www.openstreetmap.org/node/4301952129
35508556,pub,Seven Bro7hers Beerhouse,960.8,,https://www.sevenbro7hers.com/pages/ancoats-beerhouse,,"39 Blossom Street, Manchester, M4 6AJ",M4 6AJ,,,,,pub,53.4844516,-2.2294405,node,5658821463,https://www.openstreetmap.org/node/5658821463
35508556,pub,Kings Arms,961.0,,,,"11 Bloom Street, Salford, M3 6AN",M3 6AN,,,,,pub,53.4841178,-2.2560104,node,331277232,https://www.openstreetmap.org/node/331277232
35508556,restaurant,Dom's Italia,975.1,therealdomsmanchester@gmail.com,https://www.domsitalia.com/,+44 161 834 2649,"374 Deansgate, Manchester, M3 4LY",M3 4LY,Su-Th 12:00-22:00; Fr-Sa 12:00-22:30,italian,,,restaurant,53.4742624,-2.2524199,node,11767353433,https://www.openstreetmap.org/node/11767353433
35508556,restaurant,Butter Bird,983.7,,https://www.butterbird.co.uk/,,"35 Blossom Street, Manchester, M4 6AJ",M4 6AJ,,chicken,,,restaurant,53.4845484,-2.229134,node,9126911411,https://www.openstreetmap.org/node/9126911411
35508556,restaurant,Sapporo Teppanyaki,989.1,,,,"Liverpool Road, Manchester",,,sushi,,,restaurant,53.4765621,-2.2557416,node,4301952130,https://www.openstreetmap.org/node/4301952130
35508556,pub,The Courtyard,1007.7,,,,"The Courtyard Chester Street, Manchester, M1 5SH",M1 5SH,,,,,pub,53.4717393,-2.2423212,node,1645939471,https://www.openstreetmap.org/node/1645939471
35508556,restaurant,Elnecot,1019.1,,https://elnecot.com,+44 7496 152373,"41 Blossom Street, Manchester, M4 6AJ",M4 6AJ,,,,,restaurant,53.4847196,-2.2286777,node,5329036246,https://www.openstreetmap.org/node/5329036246
35508556,restaurant,That’s Thai,1047.7,,,+447508820574,"27a Park Street, Manchester, M3 1EU",M3 1EU,Mo-Sa 10:00-20:00,thai,,,restaurant,53.4901902,-2.2438958,node,7672943730,https://www.openstreetmap.org/node/7672943730
35508556,restaurant,Que Huong Viet,1058.1,,,+44 161 228 0808,"76-78 Oldham Road, Manchester, M4 5EB",M4 5EB,,vietnamese,,,restaurant,53.4860852,-2.229303,node,10538029878,https://www.openstreetmap.org/node/10538029878
35508556,pub,The Marble Arch Inn,1068.0,,https://marblebeers.com/the-marble-arch/,,"73 Rochdale Road, Manchester, M4 4HY",M4 4HY,"Mo, We-Th 12:00-22:00; Fr-Sa 12:00-23:00; Su 12:00-20:00",,Marble Beers,,pub,53.4882145,-2.232339,node,307642219,https://www.openstreetmap.org/node/307642219
35508556,restaurant,Mana,1075.1,,https://manarestaurant.co.uk/,,"42 Blossom Street, Manchester, M4 6BF",M4 6BF,,,,,restaurant,53.4847976,-2.2278061,node,9126911412,https://www.openstreetmap.org/node/9126911412
35508556,restaurant,Erst,1077.8,,,,"3 Murray Street, Manchester, M4 6HS",M4 6HS,,,,,restaurant,53.4843632,-2.2274511,node,9126955332,https://www.openstreetmap.org/node/9126955332
35508556,restaurant,"""The Spärrows""",1083.0,,,,,,Tu-Fr 17:00-23:00; Sa 12:00-23:00; Su 12:00-22:00,,,,restaurant,53.4902563,-2.2386781,node,9223993129,https://www.openstreetmap.org/node/9223993129
35508556,restaurant,Sushi Marvel,1088.8,,http://sushimarvel.co.uk/contact-us.html,+44 161 236 1888,"90 Oldham Road, Manchester, M4 5EB",M4 5EB,,sushi,,,restaurant,53.4862279,-2.2289045,node,10538029882,https://www.openstreetmap.org/node/10538029882
35508556,restaurant,Pinzain,1100.0,,,,"94, 96 Oldham Road, M4 5EB",M4 5EB,Mo-Su 11:00-22:00,asian;thai,,,restaurant,53.486259,-2.2287361,node,13951866701,https://www.openstreetmap.org/node/13951866701
35508556,restaurant,Hotpot & Sushi,1105.0,,,,,,,sushi;hotpot,,,restaurant,53.470965,-2.2449934,node,13341374290,https://www.openstreetmap.org/node/13341374290
35508556,restaurant,Salvi's,1110.1,,,,"Owen Street, Manchester, M15 4YB",M15 4YB,,italian,,,restaurant,53.4727213,-2.2524554,node,11806889538,https://www.openstreetmap.org/node/11806889538
35508556,restaurant,Porta Wine & Tapas,1115.7,,https://www.portatapas.co.uk/salford/,+44 161 459 7854,"216 Chapel Street, Salford, M3 6BY",M3 6BY,,,,,restaurant,53.4834614,-2.2588569,node,9063279184,https://www.openstreetmap.org/node/9063279184
35508556,restaurant,Albert's Shed,1127.2,,http://albertsshed.com/,+44 161 839 9818,"20 Castle Street, Manchester, M3 4LZ",M3 4LZ,,,,,restaurant,53.4742566,-2.2556096,node,1312802629,https://www.openstreetmap.org/node/1312802629
35508556,pub,The Star & Garter,1133.9,,,,"18-20 Fairfield Street, Manchester, M1 2QF",M1 2QF,,,,,pub,53.4760324,-2.2274529,node,6437164347,https://www.openstreetmap.org/node/6437164347
35508556,pub,Blackjack Brewtap,1144.8,,https://www.blackjack-beers.com/,,"Arch 36 Irk Street, Manchester, M4 4JT",M4 4JT,,,Blackjack Beers Ltd,,pub,53.4901032,-2.2351881,node,3278929816,https://www.openstreetmap.org/node/3278929816
35508556,pub,The New Oxford,1151.0,,,,"11 Bexley Square, Salford, M3 6DB",M3 6DB,,,,,pub,53.4837153,-2.2592912,node,1359418285,https://www.openstreetmap.org/node/1359418285
35508556,restaurant,Glamorous Chinese Restaurant,1159.2,,,,,,,chinese,,,restaurant,53.4869787,-2.22849,node,307753159,https://www.openstreetmap.org/node/307753159
35508556,restaurant,Babylon,1179.6,,,,"125 Oxford Road, Manchester, M1 7DU",M1 7DU,,,,,restaurant,53.4706653,-2.2373342,node,9833951588,https://www.openstreetmap.org/node/9833951588
35508556,pub,Cask,1186.8,,https://cask.business.site/,+44 161 392 0809,"2 New Union Street, Manchester, M4 6FQ",M4 6FQ,Mo-Su 12:00-23:00,,,,pub,53.4838299,-2.2254013,node,7140873394,https://www.openstreetmap.org/node/7140873394
35508556,restaurant,Korean Fusion Café,1200.4,,http://www.eatgoody.co.uk,,,,,korean,,,restaurant,53.4707126,-2.2361371,node,6437119221,https://www.openstreetmap.org/node/6437119221
35508556,restaurant,Choice,1200.8,,,,,,,,,,restaurant,53.4732714,-2.255609,node,1316628929,https://www.openstreetmap.org/node/1316628929
35508556,pub,Sandbar,1207.9,,https://sandbarmanchester.co.uk/,,"120 Grosvenor Street, Manchester, M1 7HL",M1 7HL,Su-We 12:00-00:00; Th 12:00-01:00; Fr-Sa 12:00-00:20; PH,,,,pub,53.4706825,-2.2359568,node,247269405,https://www.openstreetmap.org/node/247269405
35508556,pub,The Flour and Flagon,1212.2,,https://www.flourandflagon.co.uk/manchester,,"Grosvenor Street, Manchester, M1 7HL",M1 7HL,,,Stonegate,,pub,53.4705235,-2.2364887,node,249501676,https://www.openstreetmap.org/node/249501676
35508556,restaurant,Happy Valley Cafe,1215.6,,,+44 161 312 2674,"Unit 4, 153 Great Ducie Street, Manchester, M3 1FB",M3 1FB,11:30-21:00,cantonese,,,restaurant,53.4912091,-2.2482134,node,9623598586,https://www.openstreetmap.org/node/9623598586
35508556,restaurant,Punjabee Kitchen,1217.0,,,,,,,,,,restaurant,53.4845984,-2.2253505,node,13574490466,https://www.openstreetmap.org/node/13574490466
35508556,pub,The Wharf,1229.7,,https://www.brunningandprice.co.uk/thewharf/,+44 161 220 2960,"6 Slate Wharf, Manchester, M15 4ST",M15 4ST,Mo-Th 11:00-23:00;Fr-Sa 11:00-24:00;Su 11:00-22:30,,Brunning & Price,,pub,53.4736377,-2.2567578,way,179047353,https://www.openstreetmap.org/way/179047353
35508556,restaurant,Sultain Turkish Grill,1231.1,,,,"Unit 1, 153 Great Ducie Street, Manchester, M3 1FB",M3 1FB,,turkish,,,restaurant,53.4913322,-2.248339,node,9623598589,https://www.openstreetmap.org/node/9623598589
35508556,restaurant,Jūb,1265.9,,http://www.vividlounge.uk/,+44 161 272 8474,"149A Great Ancoats Street, Manchester, M4 6DH",M4 6DH,Mo-Su 12:00-22:00,coffee_shop;thai,,,restaurant,53.4802387,-2.2234924,node,2819600252,https://www.openstreetmap.org/node/2819600252
35508556,restaurant,Umami,1267.9,,,,"149-153 Oxford Road, Manchester, M1 7EE",M1 7EE,,asian,,,restaurant,53.469953,-2.2366947,node,1181397080,https://www.openstreetmap.org/node/1181397080
35508556,university,Manchester Metropolitan University – All Saints Campus,1326.8,,,,,,,,Manchester Metropolitan University,,university,53.4688679,-2.2427289,way,136506121,https://www.openstreetmap.org/way/136506121
35508556,university,Manchester Metropolitan University,1326.8,,https://www.mmu.ac.uk/,,,,,,,,university,53.4688679,-2.2427289,relation,16078665,https://www.openstreetmap.org/relation/16078665
35508556,restaurant,Azuma,1346.8,,,,"73 Cavendish Street, Manchester, M15 6BN",M15 6BN,,korean,,,restaurant,53.4687012,-2.2416582,node,11573268784,https://www.openstreetmap.org/node/11573268784
35508556,university,Manchester School of Art,1357.7,,,,,,,,,,university,53.4688465,-2.2384192,node,10909059182,https://www.openstreetmap.org/node/10909059182
35508556,pub,Derby Brewery Arms,1368.0,,,,"95 Cheetham Hill Road, Manchester, M8 8PY",M8 8PY,,,,,pub,53.4930208,-2.240221,node,9887934297,https://www.openstreetmap.org/node/9887934297
35508556,pub,The Salutation,1375.4,d.odea@mmu.ac.uk,https://www.thesalutationpub.com,+44 161 2476465,"12 Higher Chatham Street, Manchester, M15 6ED",M15 6ED,Mo-Sa 12:00-22:00; Su 17:00-22:00,,The Union MMU,,pub,53.4685894,-2.2392774,way,187945509,https://www.openstreetmap.org/way/187945509
35508556,restaurant,Vero Moderno,1385.3,,,,"Vimto Gardens Chapel Street, Salford, M3 5JF",M3 5JF,,italian,,,restaurant,53.4831617,-2.2631562,node,4804048553,https://www.openstreetmap.org/node/4804048553
35508556,restaurant,Ramzy Restaurant,1406.3,,,,"13 Bury New Road, Manchester, M8 8FW",M8 8FW,,,,,restaurant,53.4927502,-2.2495591,node,9881938845,https://www.openstreetmap.org/node/9881938845
35508556,restaurant,Alif Grill,1407.8,,,,"105 Cheetham Hill Road, Manchester, M8 8PY",M8 8PY,,mediterranean,,,restaurant,53.4933668,-2.2400118,node,9887934302,https://www.openstreetmap.org/node/9887934302
35508556,pub,Hetherington's Cafe Bar,1415.6,heather@cfwretail.co.uk,https://www.hetheringtonscb.co.uk/,+44 161 850 8554,"8 Pollard Street, Manchester, M4 7DS",M4 7DS,,,,,pub,53.4797209,-2.2212846,node,6944983104,https://www.openstreetmap.org/node/6944983104
35508556,college,Royal Northern College of Music,1430.9,,,,"124 Oxford Road, Manchester, M13 9RD",M13 9RD,,,,,college,53.468343,-2.237179,way,1250952438,https://www.openstreetmap.org/way/1250952438
35508556,restaurant,Lahori Badsha,1448.9,,,,"142 Cheetham Hill Road, Manchester, M8 8PZ",M8 8PZ,,pakistani,,,restaurant,53.4936859,-2.2393442,node,9894045398,https://www.openstreetmap.org/node/9894045398
35508556,restaurant,Lahori Butt Karahi,1462.0,info@lahoributtkarahi.co.uk,https://www.lahoributtkarahi.co.uk/,+44 161 791 5252,"142B Cheetham Hill Road, Manchester, M8 8PZ",M8 8PZ,Mo-Su 12:00-23:00,pakistani,,,restaurant,53.4937986,-2.2392818,node,9894045400,https://www.openstreetmap.org/node/9894045400
35508556,pub,Alphabet Brewing Company,1484.9,,https://www.alphabetbrewing.co.uk/,,"99 North Western Street, Manchester, M12 6JL",M12 6JL,,,,,pub,53.4752475,-2.2221931,node,4551217990,https://www.openstreetmap.org/node/4551217990
35508556,restaurant,Chappati Corner,1505.7,,,,"152 Cheetham Hill Road, Manchester, M8 8PZ",M8 8PZ,,,,,restaurant,53.4941758,-2.2390576,node,9894045407,https://www.openstreetmap.org/node/9894045407
35508556,restaurant,Noodle Emoji,1508.7,,,,"Noodle Emoji Higher Cambridge Street, Manchester, M15 6AD",M15 6AD,We-Mo 16:00-22:30,chinese,,,restaurant,53.4673691,-2.2393687,node,1492120855,https://www.openstreetmap.org/node/1492120855
35508556,restaurant,The Laureate,1515.9,,,,,,,,,,restaurant,53.4674174,-2.2382295,node,9837206591,https://www.openstreetmap.org/node/9837206591
35508556,restaurant,Kabana,1529.4,,,,"133 Cheetham Hill Road, Manchester, M8 8LY",M8 8LY,,,,,restaurant,53.4944225,-2.2394088,node,9915865044,https://www.openstreetmap.org/node/9915865044
35508556,pub,The Palatine,1530.7,,,,"47 Edward Street, Salford, M7 1SP",M7 1SP,,,,,pub,53.4928901,-2.2536644,node,4084874692,https://www.openstreetmap.org/node/4084874692
35508556,restaurant,Steakout 212,1534.7,,,,"36 Derby Street, Manchester, M8 8HN",M8 8HN,,,,,restaurant,53.4945004,-2.2397972,node,9915865043,https://www.openstreetmap.org/node/9915865043
35508556,restaurant,Peace Garden,1535.4,,https://www.peacegarden-restaurant.com/,+44161 226 6990,"57 Booth Street West, Manchester, M15 6PQ",M15 6PQ,"Su-Th 12:00-22:00; Fr,Sa 12:00-22:30",chinese,,,restaurant,53.4671454,-2.2391457,node,249083228,https://www.openstreetmap.org/node/249083228
35508556,restaurant,Darbar,1538.8,,,,"135 Cheetham Hill Road, Manchester, M8 8LY",M8 8LY,,,,,restaurant,53.4945045,-2.2393729,node,9915865045,https://www.openstreetmap.org/node/9915865045
35508556,restaurant,The Mill,1542.5,,,,,,,,,,restaurant,53.4673739,-2.2367368,node,9839236459,https://www.openstreetmap.org/node/9839236459
35508556,restaurant,,1542.8,,,,,,,breakfast;lunch;coffee,,,restaurant,53.4674842,-2.2360504,node,9525508625,https://www.openstreetmap.org/node/9525508625
35508556,restaurant,Monolos,1545.5,,,,"137-139 Cheetham Hill Road, Manchester, M8 8LY",M8 8LY,,,,,restaurant,53.4945625,-2.2393393,node,9915865046,https://www.openstreetmap.org/node/9915865046
35508556,restaurant,Al Maidah,1547.9,,,,"Sagar Street, Manchester, M8 8EU",M8 8EU,,indian;pakistani,,,restaurant,53.4940893,-2.2495656,node,9877667706,https://www.openstreetmap.org/node/9877667706
35508556,restaurant,Mughali Taste,1553.9,,,,"53 Bury New Road, Manchester, M8 8FX",M8 8FX,,indian;pakistani,,,restaurant,53.4939483,-2.2505543,node,9883744578,https://www.openstreetmap.org/node/9883744578
35508556,pub,The Old Pint Pot,1556.3,,https://www.oldpintpotsheffield.co.uk/,+44 161 839 7958,"Adelphi Street, Salford, M3 6EN",M3 6EN,,,,,pub,53.4838593,-2.2655518,node,1982756226,https://www.openstreetmap.org/node/1982756226
35508556,restaurant,Kebabish Grill & Steakhouse,1596.0,info@kebabishmcr.co.uk,http://www.kebabishmcr.co.uk/,+44 161 834 1544,"170-172 Cheetham Hill Road, Manchester, M8 8LQ",M8 8LQ,Mo 17:00-22:00; Tu-Fr 16:30-23:00; Sa 15:00-23:00; Su 14:00-22:30,,,,restaurant,53.4949573,-2.2386281,node,9915865144,https://www.openstreetmap.org/node/9915865144
35508556,university,Manchester Metropolitan University - Birley Fields Campus,1618.2,,,,,,,,,,university,53.4665142,-2.2472654,way,200510781,https://www.openstreetmap.org/way/200510781
35508556,restaurant,Real Taste,1685.0,,,,"21 Broughton Street, Manchester, M8 8LZ",M8 8LZ,,,,,restaurant,53.4959323,-2.241263,node,9913297687,https://www.openstreetmap.org/node/9913297687
35508556,restaurant,Tai Wu,1697.0,,,,"81-97 Upper Brook Street, Manchester, M13 9TX",M13 9TX,,chinese,,,restaurant,53.4676334,-2.2296347,node,1981626006,https://www.openstreetmap.org/node/1981626006
35508556,restaurant,Kim's Kitchen,1758.8,,https://kimskitchenmanchester.co.uk/,,"49 Old Birley Street, Manchester, M15 5RF",M15 5RF,,,,,restaurant,53.4653523,-2.248314,node,1691919284,https://www.openstreetmap.org/node/1691919284
35508556,restaurant,Madina Grill,1765.3,,,,"37 Higher Ardwick, Manchester, M12 6DB",M12 6DB,,indian,,,restaurant,53.4719228,-2.2204856,node,11408393341,https://www.openstreetmap.org/node/11408393341
35508556,pub,Bricklayers Arms,1831.1,,,,"146-148 Ordsall Lane, Salford, M5 4TF",M5 4TF,,,,,pub,53.4741363,-2.2679034,way,254827059,https://www.openstreetmap.org/way/254827059
35508556,restaurant,Sakura,1878.4,,,,"175 Cheetham Hill Road, Manchester, M8 8LG",M8 8LG,"Mo-Th 17:00-22:30; Fr,Su 12:00-22:30; Sa 12:00-23:00",japanese,,,restaurant,53.4974649,-2.2379495,node,9921231917,https://www.openstreetmap.org/node/9921231917
35508556,pub,Apsley Cottage,1889.0,,,,"1 Apsley Grove, Manchester, M12 6AW",M12 6AW,,,,,pub,53.4692966,-2.2215955,node,307535172,https://www.openstreetmap.org/node/307535172
35508556,pub,Kro Bar,1904.1,,,+44 161 274 3100,325 Oxford Road,,,Danish,,,pub,53.4648954,-2.2319363,node,30732192,https://www.openstreetmap.org/node/30732192
35508556,restaurant,Pizza Hut,1968.3,,https://www.pizzahut.co.uk/restaurants/find/details/manchesterfort,+44 161 832 3339,"Manchester Fort Shopping Park, Manchester, M8 8EP",M8 8EP,Mo-Th 11:30-22:00; Fr-Sa 11:30-22:30; Su 12:00-22:00,pizza,,Pizza Hut,restaurant,53.4981267,-2.2365101,node,2214746225,https://www.openstreetmap.org/node/2214746225
35508556,restaurant,Nando's,1971.0,,https://www.nandos.co.uk/restaurants/manchester-fort,+44161 832 5088,"Manchester Fort Shopping Park, Manchester, M8 8EP",M8 8EP,Mo-Su 11:30-22:00,chicken;portuguese,,Nando's,restaurant,53.4979773,-2.2352478,node,12057775459,https://www.openstreetmap.org/node/12057775459
35508556,pub,Union Tavern,1984.8,,,,"105-107 Liverpool Street, Salford, M5 4LG",M5 4LG,,,,,pub,53.4804315,-2.2725883,way,277918179,https://www.openstreetmap.org/way/277918179
35508556,pub,Ducie Arms,2024.4,,,,,,,,,,pub,53.4631652,-2.2349983,node,30732012,https://www.openstreetmap.org/node/30732012
35508556,pub,Three Legs of Man,2033.1,,,,,,,,,,pub,53.4655013,-2.259422,node,4719963526,https://www.openstreetmap.org/node/4719963526
35508556,restaurant,Street Cat,2051.1,,,,"1a Hulme High Street, Manchester, M15 5JR",M15 5JR,,hong_kong;sushi,,,restaurant,53.4626421,-2.2480516,node,6202369909,https://www.openstreetmap.org/node/6202369909
35508556,pub,The Old Abbey Taphouse,2097.8,info@theoldabbeytaphouse.co.uk,https://www.theoldabbeytaphouse.org/,+44 161 226 2052,"Guildhall Close, Manchester, M15 6SY",M15 6SY,,,,,pub,53.4621901,-2.2373999,node,11217398059,https://www.openstreetmap.org/node/11217398059
35508556,university,University of Salford Peel Park Campus,2110.7,,https://www.salford.ac.uk/,,,,,,University of Salford,,university,53.4872062,-2.2726286,relation,17580950,https://www.openstreetmap.org/relation/17580950
35508556,pub,Welcome Inn,2111.5,,,,"Robert Hall Street, Salford, M5 3LT",M5 3LT,,,,,pub,53.4736361,-2.2721485,way,781943957,https://www.openstreetmap.org/way/781943957
35508556,pub,The Big Hands,2145.5,,,,,,,,,,pub,53.4629221,-2.2304056,node,258864504,https://www.openstreetmap.org/node/258864504
35508556,restaurant,Pho 23,2149.0,,,,,,,,,,restaurant,53.4628961,-2.2303728,node,8549742260,https://www.openstreetmap.org/node/8549742260
35508556,pub,The Grafton Arms,2156.3,,https://www.joseph-holt.com/pubs/grafton-arms,,"Grafton Street, M13 9WU",M13 9WU,,,,,pub,53.4635634,-2.2276731,way,172944644,https://www.openstreetmap.org/way/172944644
35508556,restaurant,Wok 'n' Roll,2160.2,,,,,,Mo-Su 11:30-21:00,,,,restaurant,53.4628136,-2.2302655,node,13040832669,https://www.openstreetmap.org/node/13040832669
35508556,restaurant,Red Chilli,2162.4,,,,,,,chinese,,,restaurant,53.4629096,-2.229792,node,4343318627,https://www.openstreetmap.org/node/4343318627
35508556,pub,The Grove,2208.6,,,,,,,,,,pub,53.4622385,-2.2307221,node,1492537231,https://www.openstreetmap.org/node/1492537231
35508556,restaurant,Plymouth Grove Chinese Restaurant,2211.8,,,,"65 Plymouth Grove, M13 9LU",M13 9LU,Tu-Su 12:00-22:00,chinese,,,restaurant,53.464599,-2.2232113,way,389962255,https://www.openstreetmap.org/way/389962255
35508556,pub,Turing Tap,2215.5,,https://www.crafted-social.co.uk/turing-tap-manchester,,,,,,Stonegate,,pub,53.4625238,-2.2292684,way,172944649,https://www.openstreetmap.org/way/172944649
35508556,college,Loreto College,2217.6,,https://www.loreto.ac.uk/,+44 161 226 5156,M15 5PB,M15 5PB,,,,,college,53.4617836,-2.2526941,way,495006884,https://www.openstreetmap.org/way/495006884
35508556,university,,2252.0,,,,,,,,,,university,53.4882762,-2.2742323,way,1339076357,https://www.openstreetmap.org/way/1339076357
35508556,restaurant,Buckles & Jerdine Caribbean Kitchen,2276.4,,,,"114 Hulme High Street, Manchester, M15 5JP",M15 5JP,,caribbean,,,restaurant,53.4606305,-2.2484952,node,6170351739,https://www.openstreetmap.org/node/6170351739
35508556,restaurant,Nomads,2282.8,,,,"142 Hulme High Street, Manchester, M15 5JP",M15 5JP,,,,,restaurant,53.4605729,-2.2484998,node,6170351740,https://www.openstreetmap.org/node/6170351740
35508556,pub,Bradford Inn,2283.2,,,,"112/114 Bradford Road, M40 7AS",M40 7AS,,,,,pub,53.487264,-2.2098477,way,1116626332,https://www.openstreetmap.org/way/1116626332
35508556,restaurant,Live Seafood Ltd,2318.4,,,,,,Mo-Su 10:00-20:00,chinese,,,restaurant,53.4750481,-2.2089251,node,269272691,https://www.openstreetmap.org/node/269272691
35508556,restaurant,,2379.5,,,,,,,,,,restaurant,53.4849074,-2.2778921,node,3388207078,https://www.openstreetmap.org/node/3388207078
35508556,pub,Dover Inn,2418.8,,,,"17 Fenney Street, Salford, M7 2ZG",M7 2ZG,,,,,pub,53.5002431,-2.2589939,way,180826824,https://www.openstreetmap.org/way/180826824
35508556,pub,The Corner Shop,2476.6,,,,"Corner Shop Rylance Street, M11 3NA",M11 3NA,,,,,pub,53.4796709,-2.2052208,way,1126491825,https://www.openstreetmap.org/way/1126491825
35508556,university,University of Salford,2492.5,,https://www.salford.ac.uk/,,,,,,,,university,53.4815464,-2.2802467,relation,1662158,https://www.openstreetmap.org/relation/1662158
35508556,restaurant,Oriental Pearl,2607.9,,,,"271 Great Cheetham Street East, Salford, M7 4UF",M7 4UF,,chinese,,,restaurant,53.5031044,-2.2547869,node,307776258,https://www.openstreetmap.org/node/307776258
35508556,university,University of Salford Main Campus;University of Salford Frederick Road Campus,2628.5,,https://www.salford.ac.uk/,,,,,,University of Salford,,university,53.4883392,-2.2802513,relation,20127924,https://www.openstreetmap.org/relation/20127924
35508556,restaurant,Seoul Kimchi,2634.7,,,+44 161 273 5556,"275 Upper Brook Street, Manchester, M13 0HR",M13 0HR,,japanese;korean,,,restaurant,53.4606342,-2.221701,node,4874063021,https://www.openstreetmap.org/node/4874063021
35508556,restaurant,Safire,2665.8,,,,,,,,,,restaurant,53.4605073,-2.2211547,way,187478693,https://www.openstreetmap.org/way/187478693
35508556,pub,The Townley,2697.7,,,,"Townley Hotel Albert Street, M11 3QW",M11 3QW,,,,,pub,53.4792852,-2.2019126,way,478975778,https://www.openstreetmap.org/way/478975778
35508556,pub,The Ford Madox Brown,2724.7,,https://www.jdwetherspoon.com/pubs/all-pubs/england/manchester/the-ford-madox-brown-manchester,,"1 Wilmslow Park Wilmslow Road, Manchester, M13 9PD",M13 9PD,,,,Wetherspoon,pub,53.4582074,-2.2266611,node,258869419,https://www.openstreetmap.org/node/258869419
35508556,pub,Gold Cup,2743.2,,,,"260 Stockport Road, Manchester, M13 0JY",M13 0JY,,,,,pub,53.4638964,-2.21241,way,268675558,https://www.openstreetmap.org/way/268675558
35508556,restaurant,BigJohn's,2746.9,,,,"7 Wilmslow Road, Manchester, M14 5FT",M14 5FT,,,,,restaurant,53.4580227,-2.2265356,node,9264771864,https://www.openstreetmap.org/node/9264771864
35508556,restaurant,Oodles n'Oodles,2771.4,,,,"7 Wilmslow Road, Manchester, M14 5FT",M14 5FT,,noodles;grill,,,restaurant,53.4578084,-2.2264375,node,9264771863,https://www.openstreetmap.org/node/9264771863
35508556,restaurant,Toro's Steakhouse,2803.7,,,,"13-15 Wilmslow Road, Manchester, M14 5TB",M14 5TB,,steak_house,,,restaurant,53.4575194,-2.2263336,node,5390755731,https://www.openstreetmap.org/node/5390755731
35508556,restaurant,Al Taiba Bukhari,2816.8,,,,"21 Wilmslow Road, Manchester, M14 5TB",M14 5TB,,grill,,,restaurant,53.4574124,-2.2262487,node,5390755733,https://www.openstreetmap.org/node/5390755733
35508556,restaurant,Staropolska,2822.3,,,,"59 Ayres Road, Manchester, M16 9NH",M16 9NH,,polish,,,restaurant,53.4590302,-2.2645226,node,6323255797,https://www.openstreetmap.org/node/6323255797
35508556,restaurant,Go Falafel,2832.5,,,,"4 Wilmslow Road, Manchester, M14 5TP",M14 5TP,,falafel,,,restaurant,53.4571954,-2.2265123,node,5390755735,https://www.openstreetmap.org/node/5390755735
35508556,restaurant,Haute Dolce,2843.8,,,,"25 Wilmslow Road, Manchester, M14 5TB",M14 5TB,,,,,restaurant,53.4571865,-2.2261004,node,9651895050,https://www.openstreetmap.org/node/9651895050
35508556,restaurant,Fresh Almalaky,2848.4,,,,"8 Wilmslow Road, Manchester, M14 5TP",M14 5TP,,middle_eastern,,,restaurant,53.4570652,-2.2264131,node,9656666450,https://www.openstreetmap.org/node/9656666450
35508556,pub,Duke of York,2854.1,,,,"Salford, M7 4SP",M7 4SP,,,,,pub,53.5062411,-2.2483138,node,1771925447,https://www.openstreetmap.org/node/1771925447
35508556,pub,The Winston,2870.4,,http://www.joseph-holt.com/pubs/winston,+447827850296,"Churchill Way, Salford, M6 5BU",M6 5BU,Mo-Su 11:00-22:00,,,,pub,53.486401,-2.2849479,way,289549486,https://www.openstreetmap.org/way/289549486
35508556,restaurant,Heavenly Desserts,2870.6,,,,"31 Wilmslow Road, Manchester, M14 5TB",M14 5TB,,dessert,,,restaurant,53.4569653,-2.2259395,node,9651895053,https://www.openstreetmap.org/node/9651895053
35508556,restaurant,Pitmaster BBQ & Smokehouse,2881.2,,,,"33 Wilmslow Road, Manchester, M14 5TB",M14 5TB,,steak_house,,,restaurant,53.4568774,-2.2258765,node,9651895054,https://www.openstreetmap.org/node/9651895054
35508556,restaurant,Lara Restaurant,2903.5,,,,"35 Wilmslow Road, Manchester, M14 5TB",M14 5TB,,,,,restaurant,53.4566966,-2.2257284,node,9651895055,https://www.openstreetmap.org/node/9651895055
35508556,restaurant,MyLahore,2956.9,,,,"14-18 Wilmslow Road, Manchester, M14 5TQ",M14 5TQ,,asian,,,restaurant,53.4561543,-2.2258258,node,9656666464,https://www.openstreetmap.org/node/9656666464
35508556,restaurant,Ziya Asian Grill,2960.7,,,,"65-67 Wilmslow Road, Manchester, M14 5TB",M14 5TB,,indian,,,restaurant,53.4562237,-2.2253883,node,9651895068,https://www.openstreetmap.org/node/9651895068
35508556,restaurant,Moonlight,2973.5,,,,"71-73 Wilmslow Road, Manchester, M14 5TB",M14 5TB,,dessert,,,restaurant,53.4561166,-2.2253171,node,9651895070,https://www.openstreetmap.org/node/9651895070
35508556,restaurant,Al Jazeera Restaurant & Takeaway,2978.3,,,,"22-24 Wilmslow Road, Manchester, M14 5TQ",M14 5TQ,,,,,restaurant,53.4559784,-2.2256914,node,9656666466,https://www.openstreetmap.org/node/9656666466
35508556,pub,The Matchstick Man,2984.8,,https://www.hungryhorse.co.uk/,+44 161 876 7463,"Capital Quay, Salford, M50 3WL",M50 3WL,Mo-Su 08:00-23:00,,,Hungry Horse,pub,53.4698217,-2.2837574,way,138697735,https://www.openstreetmap.org/way/138697735
35508556,restaurant,Mughli Charcoal Pit,2993.6,,,,"28-32 Wilmslow Road, Manchester, M14 5TQ",M14 5TQ,,indian,,,restaurant,53.4558456,-2.2256277,node,9656666468,https://www.openstreetmap.org/node/9656666468
35508556,pub,Mary D's,2998.7,,,,,,,,,,pub,53.4809039,-2.1972836,node,1634679820,https://www.openstreetmap.org/node/1634679820
35508556,restaurant,Jafra,3007.6,,,,"34-36 Wilmslow Road, Manchester, M14 5TQ",M14 5TQ,,palestinian;middle_eastern,,,restaurant,53.4557402,-2.2255015,node,9656666469,https://www.openstreetmap.org/node/9656666469
35508556,restaurant,Al-Safa,3022.0,,,,"40 Wilmslow Road, Manchester, M14 5TQ",M14 5TQ,,,,,restaurant,53.4555983,-2.2255119,node,9656666471,https://www.openstreetmap.org/node/9656666471
35508556,restaurant,Sultanahmet Grill,3028.6,,,,"91 Wilmslow Road, Manchester, M14 5SU",M14 5SU,,turkish,,,restaurant,53.4556297,-2.2251176,node,9656666499,https://www.openstreetmap.org/node/9656666499
35508556,pub,Smedley Hotel,3037.9,,,,,,,,,,pub,53.5061702,-2.225562,node,3890798458,https://www.openstreetmap.org/node/3890798458
35508556,pub,The Tollgate,3043.8,,,,"The Tollgate Seymour Grove, Manchester, M16 0TG",M16 0TG,,,,,pub,53.4620383,-2.2760876,node,1898434277,https://www.openstreetmap.org/node/1898434277
35508556,restaurant,Shere Khan,3060.1,,,,"50-52 Wilmslow Road, Manchester, M14 5TQ",M14 5TQ,,indian,,,restaurant,53.4552746,-2.2253216,node,9656666476,https://www.openstreetmap.org/node/9656666476
35508556,restaurant,Chennai Meals,3062.9,,,,,,,south indian,,,restaurant,53.4532564,-2.2431728,node,8866451741,https://www.openstreetmap.org/node/8866451741
35508556,restaurant,Barwaaqo Cafe,3066.0,,,,"174 Claremont Road, Manchester, M14 4TT",M14 4TT,,somali,,,restaurant,53.4532393,-2.2412117,node,4610209605,https://www.openstreetmap.org/node/4610209605
35508556,pub,The Claremont,3070.5,,https://www.joseph-holt.com/pubs/view/claremont-hotel,,"124 Claremont Road, M14 4RR",M14 4RR,,,,,pub,53.4531952,-2.2437659,way,641960774,https://www.openstreetmap.org/way/641960774
35508556,restaurant,Cafe Soomaal,3070.5,,,,,,,somali,,,restaurant,53.4532378,-2.2397742,node,8866451743,https://www.openstreetmap.org/node/8866451743
35508556,restaurant,Suja,3071.6,,,,,,,somali;arab,,,restaurant,53.453236,-2.2395653,node,8866451745,https://www.openstreetmap.org/node/8866451745
35508556,restaurant,Ceelasha,3072.1,,,,,,,somali,,,restaurant,53.4532336,-2.2395042,node,8866451744,https://www.openstreetmap.org/node/8866451744
35508556,pub,Nellies,3076.9,,,,,,,,,,pub,53.4572498,-2.2181914,way,113811554,https://www.openstreetmap.org/way/113811554
35508556,college,Xaverian College,3079.7,,https://www.xaverian.ac.uk/,+44 161 224 1781,"Lower Park Road, Manchester, M14 5RB",M14 5RB,,,,,college,53.4558186,-2.2225092,relation,6545347,https://www.openstreetmap.org/relation/6545347
35508556,restaurant,Hadramout Restaurant,3080.8,,,,"1 Walmer Street East, Manchester, M14 5SS",M14 5SS,,yemeni;arabian,,,restaurant,53.4552294,-2.2246793,node,9656702496,https://www.openstreetmap.org/node/9656702496
35508556,restaurant,Caffe & Ginger Somali Oromo,3083.2,,,,,,,somali,,,restaurant,53.4532229,-2.2377429,node,8866451742,https://www.openstreetmap.org/node/8866451742
35508556,restaurant,Manjaros Restaurant & Pizzeria,3094.3,,,,"109-111 Wilmslow Road, Manchester, M14 5AN",M14 5AN,,african;caribbean,,,restaurant,53.4550449,-2.2248958,node,9656724240,https://www.openstreetmap.org/node/9656724240
35508556,restaurant,Ariana,3102.5,,,,"113 Wilmslow Road, Manchester, M14 5AN",M14 5AN,,afghan;persian,,,restaurant,53.4549755,-2.2248529,node,9656724241,https://www.openstreetmap.org/node/9656724241
35508556,restaurant,Eastern Pearl,3106.2,,,,,,,,,,restaurant,53.4604508,-2.2104472,node,307520138,https://www.openstreetmap.org/node/307520138
35508556,restaurant,Camel One,3113.9,,,,"117 Wilmslow Road, Manchester, M14 5AN",M14 5AN,,,,,restaurant,53.4548764,-2.224806,node,9656724243,https://www.openstreetmap.org/node/9656724243
35508556,restaurant,Al Qaza Restauraunt & Lounge,3124.4,,,,"119 Wilmslow Road, Manchester, M14 5AN",M14 5AN,,,,,restaurant,53.4547894,-2.2247443,node,9656724244,https://www.openstreetmap.org/node/9656724244
35508556,restaurant,Al-Madina,3142.9,,,,"76 Wilmslow Road, Manchester, M14 5AL",M14 5AL,,middle_eastern,,,restaurant,53.4545367,-2.2250486,node,9660594621,https://www.openstreetmap.org/node/9660594621
35508556,restaurant,Mussarat's Street Food,3147.0,,,,"123-125 Wilmslow Road, Manchester, M14 5AN",M14 5AN,,asian;british,,,restaurant,53.4545993,-2.2246249,node,9656724246,https://www.openstreetmap.org/node/9656724246
35508556,restaurant,Zarafshan,3151.3,,,,"78-80 Wilmslow Road, Manchester, M14 5AL",M14 5AL,,afghan;turkish,,,restaurant,53.4544661,-2.225007,node,9660594622,https://www.openstreetmap.org/node/9660594622
35508556,restaurant,Lahori Ice Bar,3164.5,,,,"84 Wilmslow Road, Manchester, M14 5AL",M14 5AL,,dessert,,,restaurant,53.4543486,-2.2249628,node,9660594624,https://www.openstreetmap.org/node/9660594624
35508556,restaurant,Afghan Cuisine,3171.0,,,,"86 Wilmslow Road, Manchester, M14 5AL",M14 5AL,,afghan,,,restaurant,53.4543179,-2.2248244,node,9660594625,https://www.openstreetmap.org/node/9660594625
35508556,restaurant,Kitchen Rules,3175.7,,,,"88 Wilmslow Road, Manchester, M14 5AL",M14 5AL,,greek,,,restaurant,53.4542831,-2.2247812,node,9660594626,https://www.openstreetmap.org/node/9660594626
35508556,restaurant,Jungle Grill,3180.8,,,,"90 Wilmslow Road, Manchester, M14 5AL",M14 5AL,,grill,,,restaurant,53.4542428,-2.2247415,node,9660594627,https://www.openstreetmap.org/node/9660594627
35508556,restaurant,Quay House,3188.0,,https://www.beefeater.co.uk/en-gb/locations/lancashire/quay-house,,"11 The Quays, Salford, M50 3SQ",M50 3SQ,,british,,Beefeater,restaurant,53.4712363,-2.2880139,way,163292984,https://www.openstreetmap.org/way/163292984
35508556,university,University of Manchester,3191.6,,https://www.manchester.ac.uk/,,"Oxford Road, Manchester, M13 9PL",M13 9PL,,,The University of Manchester,,university,53.4527344,-2.2324999,relation,14322640,https://www.openstreetmap.org/relation/14322640
35508556,restaurant,Caramel,3197.5,,,,"141-143 Wilmslow Road, Manchester, M14 5AW",M14 5AW,,dessert,,,restaurant,53.4542073,-2.2242187,node,9661334428,https://www.openstreetmap.org/node/9661334428
35508556,restaurant,Sanam,3205.9,,,,"145-151 Wilmslow Road, Manchester, M14 5AW",M14 5AW,,dessert,,,restaurant,53.4541474,-2.2241288,node,9661334429,https://www.openstreetmap.org/node/9661334429
35508556,restaurant,Jilani's Dessert Cafe,3215.8,,,,"155-157 Wilmslow Road, Manchester, M14 5AP",M14 5AP,,,,,restaurant,53.4540728,-2.2240435,node,9661334435,https://www.openstreetmap.org/node/9661334435
35508556,pub,Red Lion,3230.3,,,,,,,,,,pub,53.4565562,-2.2157125,node,298655299,https://www.openstreetmap.org/node/298655299
35508556,pub,Star Inn,3233.0,,,,"Salford, M7 2FR",M7 2FR,,,,,pub,53.5069464,-2.2639773,node,2712671431,https://www.openstreetmap.org/node/2712671431
35508556,restaurant,Kurdistan,3237.1,,,,,,,kurdish,,,restaurant,53.4536258,-2.2250547,node,13202325572,https://www.openstreetmap.org/node/13202325572
35508556,restaurant,Sadaf,3239.5,,,,"167 Wilmslow Road, Manchester, M14 5AP",M14 5AP,,afghan;middle_eastern,,,restaurant,53.4538966,-2.2238219,node,9661334440,https://www.openstreetmap.org/node/9661334440
35508556,restaurant,Jalebi by Sanam,3244.2,,,,"169 Wilmslow Road, Manchester, M14 5AP",M14 5AP,,dessert,,,restaurant,53.4538627,-2.2237725,node,9661334441,https://www.openstreetmap.org/node/9661334441
35508556,restaurant,Golden Star,3252.6,,,+44 161 736 5566,"66 Fitzwarren Street, Salford, M6 5JE",M6 5JE,,chinese,,,restaurant,53.4870869,-2.2906088,way,979707431,https://www.openstreetmap.org/way/979707431
35508556,restaurant,Raydan,3259.3,,,,,,,yemeni,,,restaurant,53.4527585,-2.2282639,node,13200709149,https://www.openstreetmap.org/node/13200709149
35508556,restaurant,Slemani Restaurant & Takeaway,3261.2,,,,"100 Wilmslow Road, Manchester, M14 5AJ",M14 5AJ,,mediterranean,,,restaurant,53.4536402,-2.2240048,node,9661334449,https://www.openstreetmap.org/node/9661334449
35508556,restaurant,Restaurant Nur Malaysia,3262.2,,,,"177 Wilmslow Road, Manchester, M14 5AP",M14 5AP,,malaysian,,,restaurant,53.4537297,-2.2236034,node,9661334445,https://www.openstreetmap.org/node/9661334445
35508556,restaurant,Beilul Lounge,3266.3,,,,"100A Wilmslow Road, Manchester, M14 5AJ",M14 5AJ,,east_african,,,restaurant,53.4536069,-2.2239408,node,9661334450,https://www.openstreetmap.org/node/9661334450
35508556,restaurant,Ta-Mya by Pasha,3357.3,,,,,,,,,,restaurant,53.4529085,-2.2231759,node,10758006710,https://www.openstreetmap.org/node/10758006710
35508556,college,Connell Co-op College,3376.5,,https://www.connell.ac.uk/,+44 161 231 9200,M11 3BS,M11 3BS,,,The Co-operative Academies Trust,,college,53.4779931,-2.1917941,way,1189975324,https://www.openstreetmap.org/way/1189975324
35508556,restaurant,Istanbul,3377.0,,,,,,,,,,restaurant,53.5111557,-2.2441909,node,10245642905,https://www.openstreetmap.org/node/10245642905
35508556,restaurant,Food Cycle Salford Langworthy,3428.6,langworthy@foodcycle.org.uk,https://www.foodcycle.org.uk/location/langworthy/,,"451 Liverpool Street, Salford, M6 5QQ",M6 5QQ,Tu 18:00-21:00,sandwich,Food Cycle,,restaurant,53.4836638,-2.2941913,node,7435631876,https://www.openstreetmap.org/node/7435631876
35508556,restaurant,Walnut Persian Restaurant,3436.2,,,,,,,,,,restaurant,53.4523276,-2.222422,node,10758006507,https://www.openstreetmap.org/node/10758006507
35508556,college,Bridge College,3447.2,,https://www.togethertrust.org.uk/special-education/bridge-college,+44 161 4874293,"Whitworth Street, Manchester, M11 2GR",M11 2GR,,,,,college,53.4726735,-2.1923313,way,324890299,https://www.openstreetmap.org/way/324890299
35508556,restaurant,Nando's,3448.8,,https://www.nandos.co.uk/restaurants/manchester-white-city,,"Chester Road, Manchester, M16 0SN",M16 0SN,,chicken;portuguese,,Nando's,restaurant,53.4621274,-2.284206,way,1391319025,https://www.openstreetmap.org/way/1391319025
35508556,pub,The B Hive,3480.1,,,,,,,,,,pub,53.4972944,-2.2873041,way,168883287,https://www.openstreetmap.org/way/168883287
35508556,restaurant,Dexters Chicken and Pizza,3498.5,,,,,,,pizza,,,restaurant,53.4866422,-2.2945552,node,12531742322,https://www.openstreetmap.org/node/12531742322
35508556,restaurant,Mr Singh's,3507.9,,,,,,,pizza,,,restaurant,53.486904,-2.2946143,node,12531742323,https://www.openstreetmap.org/node/12531742323
35508556,pub,Carlton Club,3521.6,,https://www.carltonclub.org.uk/,,"113 Carlton Road, Manchester, M16 8BE",M16 8BE,,,,,pub,53.4516231,-2.2632905,way,463452704,https://www.openstreetmap.org/way/463452704
35508556,restaurant,Karahi Wok,3535.4,,https://karahiwok.co.uk/YlNg,+44 161 637 2370,"207 Langworthy Road, Salford, M6 5PW",M6 5PW,"Tu-Th 17:00-22:00, Fr-Sa 12:00-22:00, Su 12:00-22:30",indian,,,restaurant,53.4868031,-2.2950715,way,1053155506,https://www.openstreetmap.org/way/1053155506
35508556,restaurant,Meu Portugal,3539.7,,https://meuportugal.co.uk/,+44 161 736 8722,"213-215 Langworthy Road, Salford, M6 5PW",M6 5PW,We-Su 12:00-22:00,portuguese,,,restaurant,53.4869732,-2.2950807,way,1053155502,https://www.openstreetmap.org/way/1053155502
35508556,restaurant,Bella Italia,3578.0,salfordquays@bellaitalia.co.uk,https://www.bellaitalia.co.uk/,+44 161 549 2144,"Lowry Designer Outlet The Quays, Salford, M50 3AG",M50 3AG,"Mo-Th,Su 10:00-21:00; Fr-Sa 10:00-22:00",italian,,Bella Italia,restaurant,53.47054,-2.2938425,node,2415190716,https://www.openstreetmap.org/node/2415190716
35508556,restaurant,Harvester,3580.3,,https://www.harvester.co.uk/,+44 161 877 3952,"Lowry Designer Outlet The Quays, Salford, M50 3AG",M50 3AG,Mo-Su 09:00-21:00,american,,Harvester,restaurant,53.4709152,-2.2940878,node,1750118429,https://www.openstreetmap.org/node/1750118429
35508556,restaurant,Banana Tree,3591.4,salford@bananatree.co.uk,https://bananatree.co.uk/,+44 161 241 1087,"Lowry Designer Outlet The Quays, Salford, M50 3AG",M50 3AG,"Mo-Th,Su 12:00-22:00; Fr-Sa 12:00-23:00",indonesian;vietnamese;malaysian;thai,,Banana Tree,restaurant,53.470508,-2.2940381,node,1750118428,https://www.openstreetmap.org/node/1750118428
35508556,restaurant,Brewski's Big Tray BBQ,3593.7,,https://www.bigtraybbq.com/,+44 161 399 5798,"Lowry Designer Outlet The Quays, Salford, M50 3AG",M50 3AG,"Mo-Th,Su 12:00-22:00; Fr-Sa 12:00-24:00",grill,,,restaurant,53.4700914,-2.2938346,node,13626079546,https://www.openstreetmap.org/node/13626079546
35508556,restaurant,Turtle Bay,3606.8,,https://turtlebay.co.uk/,+44 161 710 2470,"Lowry Designer Outlet The Quays, Salford, M50 3AG",M50 3AG,"Mo-Th,Su 10:00-22:30; Fr-Sa 10:00-23:30",caribbean,,Turtle Bay,restaurant,53.4704525,-2.2942523,node,1116249157,https://www.openstreetmap.org/node/1116249157
35508556,restaurant,Nando's,3614.8,,https://www.nandos.co.uk/restaurants/salford-quays,,"1 Lowry Plaza, Salford, M50 3UB",M50 3UB,,chicken;portuguese,,Nando's,restaurant,53.4712926,-2.2948339,node,2605915731,https://www.openstreetmap.org/node/2605915731
35508556,restaurant,PizzaExpress,3620.1,,https://www.pizzaexpress.com/salford-quays-designer-outlet,+44 161 877 3585,"Lowry Designer Outlet The Quays, Salford, M50 3AG",M50 3AG,Mo-We 11:30-21:00; Th-Su 11:30-21:30; Fr-Sa 11:30-23:00,pizza,,PizzaExpress,restaurant,53.4704091,-2.2944407,node,2415190392,https://www.openstreetmap.org/node/2415190392
35508556,restaurant,Le Delicatezze Di Bruno,3626.2,,,,,,,italian,,,restaurant,53.48317,-2.1879425,node,6231084789,https://www.openstreetmap.org/node/6231084789
35508556,restaurant,Spicy Mango,3639.8,,,,"575A Ashton New Road, Manchester, M11 4EA",M11 4EA,,,,,restaurant,53.4834043,-2.1877664,node,269256546,https://www.openstreetmap.org/node/269256546
35508556,restaurant,Janat,3650.7,,,,Cheetham Hill Road,,,,,,restaurant,53.5135489,-2.2465083,node,11574528103,https://www.openstreetmap.org/node/11574528103
35508556,restaurant,The Alchemist,3654.0,,https://thealchemistbars.com/,+44 161 872 7396,"The Bund The Quays, Salford, M50 3AB",M50 3AB,Mo-We 10:00-24:00; Th-Sa 10:00-01:00; Su 11:00-23:00,european,The Alchemist Bar and Restaurant Ltd,,restaurant,53.4717595,-2.2956831,way,478094095,https://www.openstreetmap.org/way/478094095
35508556,restaurant,Cheetham Star,3677.2,,,,Cheetham Hill Road,,,,,,restaurant,53.5137802,-2.2466853,node,11574528097,https://www.openstreetmap.org/node/11574528097
35508556,college,The Manchester College (Openshaw Campus),3681.0,,https://www.tmc.ac.uk/locations/openshaw-campus/,+44 161 953 5995,"Whitworth House Ashton Old Road, Manchester, M11 2WH",M11 2WH,,,LTE Group,,college,53.472456,-2.188773,way,442240189,https://www.openstreetmap.org/way/442240189
35508556,pub,Nip and Tipple,3681.0,,,,,,,,,,pub,53.451781,-2.2693606,node,1572973806,https://www.openstreetmap.org/node/1572973806
35508556,pub,The Hilary Step,3689.1,,https://www.hillarystep.co.uk/,,,,Mo-Th 16:00-23:30; Fr 15:00-23:30; Sa-Su 14:00-23:30,,,,pub,53.4517267,-2.2694484,node,269080707,https://www.openstreetmap.org/node/269080707
35508556,pub,Seven Bro7hers Media City,3696.8,,https://www.sevenbro7hers.com/media-city-beerhouse/,,"Orange Tower Green, Salford, M50 2HF",M50 2HF,Su-Th 12:00-23:00; Fr 12:00-24:00; Sa 10:00-24:00,burger,Seven Bro7hers,,pub,53.4728115,-2.2968249,node,9041627212,https://www.openstreetmap.org/node/9041627212
35508556,restaurant,The Botanist,3701.3,,,,"Orange Tower Green, Salford, M50 2HE",M50 2HE,,,,,bar,53.4728237,-2.2969007,node,6199279496,https://www.openstreetmap.org/node/6199279496
35508556,pub,The Trafford,3703.7,,,,M16 0GW,M16 0GW,,,,,pub,53.4611329,-2.2877617,node,979465367,https://www.openstreetmap.org/node/979465367
35508556,university,University of Salford,3708.7,,,,"Salford, M50 2HF",M50 2HF,,,Peel,,university,53.4730903,-2.297124,way,121703081,https://www.openstreetmap.org/way/121703081
35508556,pub,Ashley Brook,3711.0,,,,"Salford, M6 5QQ",M6 5QQ,11:30-23:00,,Joseph Holt,,pub,53.4838571,-2.2984473,way,1213906794,https://www.openstreetmap.org/way/1213906794
35508556,restaurant,Cabral's Restaurant,3711.3,,,+44 1619710276,"735 Ashton Old Road, M11 2HD",M11 2HD,,brazilian,,,restaurant,53.4739332,-2.1877179,node,9139745417,https://www.openstreetmap.org/node/9139745417
35508556,restaurant,Wagamama,3717.8,,https://www.wagamama.com/restaurants/salford/salford-media-city,,"Orange Tower Green, Salford, M50 2HF",M50 2HF,,asian,,Wagamama,restaurant,53.4728225,-2.297157,node,2407160060,https://www.openstreetmap.org/node/2407160060
35508556,restaurant,Prezzo,3730.5,,https://www.prezzo.co.uk/restaurants/manchester-media-city/,+44 161 509 6722,"Orange Tower Green, Salford, M50 2HF",M50 2HF,"Mo-Th,Su 11:30-21:30; Fr-Sa 11:30-22:00",italian,,Prezzo,restaurant,53.4728052,-2.2973466,node,2407159423,https://www.openstreetmap.org/node/2407159423
35508556,restaurant,Pier 8 Restaurant and Bar,3742.7,,https://www.thelowry.com/plan-your-visit/eat-and-drink/microsite/eat-and-drink-at-the-lowry/,,"The Quays, Salford, M50 3AZ",M50 3AZ,,,,,restaurant,53.4706708,-2.2965323,node,4300023380,https://www.openstreetmap.org/node/4300023380
35508556,pub,,3762.6,,,,"Blue, Salford, M50 2HF",M50 2HF,,,,,pub,53.472803,-2.297846,node,2588521449,https://www.openstreetmap.org/node/2588521449
35508556,restaurant,San Rocco,3767.0,,,,,,,,,,restaurant,53.5145813,-2.2468906,node,909300413,https://www.openstreetmap.org/node/909300413
35508556,restaurant,Ariyaad,3767.3,,,,,,,,,,restaurant,53.4470441,-2.2377348,node,7441356632,https://www.openstreetmap.org/node/7441356632
35508556,pub,Egerton Inn,3771.4,,,,,,,,Joseph Holt,,pub,53.5147145,-2.2432892,node,393401958,https://www.openstreetmap.org/node/393401958
35508556,pub,The Bishop Blaize,3772.3,,https://www.jdwetherspoon.com/pubs/all-pubs/england/greater-manchester/the-bishop-blaize-stretford,,"Manchester, M32 0SF",M32 0SF,,regional,,Wetherspoon,pub,53.4612338,-2.2891603,node,1279869959,https://www.openstreetmap.org/node/1279869959
35508556,university,University Academy 92,3773.3,,https://ua92.ac.uk/,,,,,,,,university,53.4582998,-2.285274,way,142500190,https://www.openstreetmap.org/way/142500190
35508556,pub,The Victoria,3820.1,,,,"30 Croft Street, Manchester",,,,,,pub,53.4823724,-2.1849292,way,1171875393,https://www.openstreetmap.org/way/1171875393
35508556,restaurant,Marco's New York Italian,3842.1,,,,Salford,,,italian,,,restaurant,53.473287,-2.2992691,node,3640635957,https://www.openstreetmap.org/node/3640635957
35508556,restaurant,Tibetan Kitchen,3856.0,,https://www.tibetankitchen.co.uk/,,"254 Upper Chorlton Road, Manchester, M16 0BN",M16 0BN,,tibetan,,,restaurant,53.4508241,-2.2718889,node,11481270096,https://www.openstreetmap.org/node/11481270096
35508556,pub,Grove Inn,3877.3,,https://www.joseph-holt.com/pubs/grove-inn,,"652 Ashton New Road, Manchester, M11 4SQ",M11 4SQ,,,,,pub,53.4831358,-2.1841353,node,11649065956,https://www.openstreetmap.org/node/11649065956
35508556,pub,Bridge Inn,3880.2,,,,"Clayton Lane, Manchester, M11 4SS",M11 4SS,,,,,pub,53.4810532,-2.1839631,way,1171874673,https://www.openstreetmap.org/way/1171874673
35508556,restaurant,,3882.5,,,,,,,,,,restaurant,53.4484994,-2.2648722,way,695687399,https://www.openstreetmap.org/way/695687399
35508556,restaurant,Real Taste,3924.9,,https://realtasterestaurant.co.uk,+44 1614781313,"815 Ashton Old Road, Manchester, M11 2NL",M11 2NL,"Th-Tu 11:00-15:00, 17:00-21:00",asian;chinese,,,restaurant,53.4737908,-2.1844716,way,259810325,https://www.openstreetmap.org/way/259810325
35508556,restaurant,Chapati Cafe,3967.8,,,,,,,indian,,,restaurant,53.4731593,-2.3011665,node,10946068767,https://www.openstreetmap.org/node/10946068767
35508556,restaurant,Paradise Takeaway,3990.4,,https://www.paradise-takeaway.co.uk/?l=en,+44 161 543 1598,"600 Stockport Road, Manchester, M13 0RQ",M13 0RQ,,indian,,,restaurant,53.4557899,-2.1993666,node,10118373775,https://www.openstreetmap.org/node/10118373775
35508556,pub,Embassy Club,4002.7,,,,,,,,,,pub,53.5126611,-2.2144365,way,219091484,https://www.openstreetmap.org/way/219091484
35508556,restaurant,Sanan,4008.6,,,,,,,,,,restaurant,53.4559155,-2.1987802,node,1340398102,https://www.openstreetmap.org/node/1340398102
35508556,pub,Coach and Horses,4066.2,,,,"350 Eccles New Road, Salford, M5 4RX",M5 4RX,,,,,pub,53.4819341,-2.3040212,way,193476818,https://www.openstreetmap.org/way/193476818
35508556,restaurant,Howdy!,4083.0,,https://www.facebook.com/HowdyMCR/,,"74A Stanley Grove, Manchester, M12 5GF",M12 5GF,,,,,restaurant,53.4577415,-2.1945928,way,699654646,https://www.openstreetmap.org/way/699654646
35508556,pub,Chandos Social Club,4097.7,,,,"Chandos Ave, Salford, M5 5LJ",M5 5LJ,,,,,pub,53.4852954,-2.3040657,way,273078583,https://www.openstreetmap.org/way/273078583
35508556,pub,Rovers Return,4117.6,,,,"Coronation Street, Weatherfield",,"Mo-Su off ""Part of the Coronation Street set""",,,,pub,53.4707445,-2.302481,way,300721477,https://www.openstreetmap.org/way/300721477
35508556,college,Trafford College,4131.4,,https://trafford.tscg.ac.uk/student-life/your-campuses/stretford-campus/,,,,,,,,college,53.4572563,-2.2908861,way,952761933,https://www.openstreetmap.org/way/952761933
35508556,pub,Top Derby,4160.8,,,,,,,,,,pub,53.513992,-2.2135567,way,750890655,https://www.openstreetmap.org/way/750890655
35508556,restaurant,Speed Daal,4198.0,,,,,,"Mo-Su off ""Part of the Coronation Street set""",pakistani,,,restaurant,53.4707112,-2.303727,node,11739750980,https://www.openstreetmap.org/node/11739750980
35508556,college,The Manchester College (Harpurhey Campus),4234.1,,https://www.tmc.ac.uk/locations/harpurhey-campus/,,"Rochdale Road, Manchester, M9 4AF",M9 4AF,,,,,college,53.5143657,-2.2123738,way,1261809970,https://www.openstreetmap.org/way/1261809970
35508556,restaurant,Shiva Tandoori & Balti House,4237.4,,,+44 161 861 7455,,,,indian,,,restaurant,53.4529055,-2.2862148,node,1278748217,https://www.openstreetmap.org/node/1278748217
35508556,pub,The Quadrant,4246.1,,,,M32 8GR,M32 8GR,,,,,pub,53.4530996,-2.2867539,node,748834700,https://www.openstreetmap.org/node/748834700
35508556,pub,Steelworks Tavern,4293.6,,,,"247-249 Gorton Lane, Manchester, M18 8DA",M18 8DA,,,,,pub,53.4677199,-2.1815603,way,1171815979,https://www.openstreetmap.org/way/1171815979
35508556,college,Whalley Range Sixth Form,4312.9,,,,"Whalley Range Sixth Form Wilbraham Road, Manchester, M16 8GW",M16 8GW,,,,,college,53.4420859,-2.2465784,way,139029118,https://www.openstreetmap.org/way/139029118
35508556,college,Pendleton Sixth Form College,4356.5,,,,"Dronfield Road, Salford, M6 7FR",M6 7FR,,,,,college,53.494923,-2.304021,way,167231983,https://www.openstreetmap.org/way/167231983
35508556,restaurant,The Oystercatcher,4359.8,,,,"Manchester Road, Manchester, M21 9PG",M21 9PG,,,,,restaurant,53.447482,-2.2773197,node,4947806422,https://www.openstreetmap.org/node/4947806422
35508556,restaurant,Chow Mein,4403.3,,,,,,,chinese,,,restaurant,53.4438514,-2.2186712,node,2860502022,https://www.openstreetmap.org/node/2860502022
35508556,pub,Weaste & Seedley Social Club,4411.6,,,,"168A Weaste Lane, Salford, M5 5JL",M5 5JL,,,,,pub,53.4870028,-2.3084545,way,979431911,https://www.openstreetmap.org/way/979431911
35508556,pub,Pi,4439.4,,,,"99 Manchester Road, Manchester, M21 9GA",M21 9GA,,chinese;pie,,,pub,53.4467649,-2.2776554,node,4947824433,https://www.openstreetmap.org/node/4947824433
35508556,pub,Alliance Inn,4441.1,,,,,,,,,,pub,53.5168519,-2.2137028,way,351711633,https://www.openstreetmap.org/way/351711633
35508556,restaurant,Kosmos Taverna,4446.9,,,,Wilmslow Road,,,greek,,,restaurant,53.4434287,-2.2186831,node,2860502027,https://www.openstreetmap.org/node/2860502027
35508556,university,Fallowfield Reception and Richmond Amenities Building,4456.6,,,,,,,,The University of Manchester,,university,53.4446512,-2.2135269,node,12160162338,https://www.openstreetmap.org/node/12160162338
35508556,pub,The Beer Studio,4487.4,,,+44 161 249 0271,"256 Wilmslow Road, Manchester, M14 6LB",M14 6LB,"Mo-Sa 12:00-01:00, Su 12:00-24:00",,,,pub,53.4430347,-2.2187041,node,8112422329,https://www.openstreetmap.org/node/8112422329
35508556,university,University of Manchester Fallowfield Campus,4517.3,,https://www.accommodation.manchester.ac.uk/,,"293 Wilmslow Road, Manchester, M14 6HD",M14 6HD,,,The University of Manchester,,university,53.44442,-2.2122308,way,289948104,https://www.openstreetmap.org/way/289948104
35508556,restaurant,Lupo Caffè Italiano,4517.7,,https://www.lupocaffe.co.uk/,,,,,italian,,,restaurant,53.5173642,-2.2723775,node,9877582927,https://www.openstreetmap.org/node/9877582927
35508556,restaurant,Nayaab,4522.7,,,,5-7 Wilbraham Road,,,indian,,,restaurant,53.4425019,-2.2195951,way,451549835,https://www.openstreetmap.org/way/451549835
35508556,restaurant,Yo Yo Noodle,4534.3,,,,,,,asian,,,restaurant,53.4425273,-2.2189626,node,5905859725,https://www.openstreetmap.org/node/5905859725
35508556,restaurant,Arabian Nites,4546.0,,,,258 Wilmslow Road,,,,,,restaurant,53.4424609,-2.2187559,node,2935090510,https://www.openstreetmap.org/node/2935090510
35508556,restaurant,,4554.6,,,,,,,,,,restaurant,53.5178211,-2.2720646,way,704600094,https://www.openstreetmap.org/way/704600094
35508556,restaurant,Food Bliss,4576.9,,,+44 161 879 7443,70 Kings Road,,Mo-We 11:00-21:45; Th 11:00-22:45; Su 16:00-21:45,meat,,,restaurant,53.519412,-2.266573,node,13071458737,https://www.openstreetmap.org/node/13071458737
35508556,pub,Marble Beer House,4598.7,,,,,,,,,,pub,53.4454086,-2.2785428,node,1572973800,https://www.openstreetmap.org/node/1572973800
35508556,restaurant,Dream Wok,4599.9,,,+44 161 248 7752,262 Wilmslow Road,,,,,,restaurant,53.4419334,-2.2188074,node,4546826162,https://www.openstreetmap.org/node/4546826162
35508556,restaurant,Fuzion Noodle Bar,4605.0,,,,,,Mo-Fr 16:00-22:30; Sa-Su 14:00-22:30,asian,,,restaurant,53.4418806,-2.2188228,node,4546826164,https://www.openstreetmap.org/node/4546826164
35508556,pub,Red Lion,4628.0,,,,"279 Bolton Road, Salford, M6 7GU",M6 7GU,,,,,pub,53.4989755,-2.3055325,node,696072950,https://www.openstreetmap.org/node/696072950
35508556,restaurant,Antalya Grill,4643.1,,,,,,,,,,restaurant,53.5186644,-2.2721958,node,10592159882,https://www.openstreetmap.org/node/10592159882
35508556,pub,The White Lion,4643.4,,,,,,,,,,pub,53.5012087,-2.1813643,node,13421291907,https://www.openstreetmap.org/node/13421291907
35508556,restaurant,Celia's Kitchen,4649.2,,,,,,,,,,restaurant,53.5191182,-2.2707259,way,652881451,https://www.openstreetmap.org/way/652881451
35508556,restaurant,The Creameries,4651.3,,,,"406 Wilbraham Road, Manchester, M21 0SD",M21 0SD,,,,,restaurant,53.4426503,-2.2714173,node,5585287363,https://www.openstreetmap.org/node/5585287363
35508556,restaurant,Mozzarella,4654.3,,,,,,,pizza,,,restaurant,53.5190428,-2.2712051,node,13051026165,https://www.openstreetmap.org/node/13051026165
35508556,pub,Strawberry Duck,4656.1,,,,,,,,,,pub,53.479964,-2.1722504,way,624670042,https://www.openstreetmap.org/way/624670042
35508556,restaurant,The Vault,4665.3,,,,,,,,,,restaurant,53.4881401,-2.3120213,node,11870269375,https://www.openstreetmap.org/node/11870269375
35508556,pub,New Crown Inn,4666.1,,,,,,,,,,pub,53.5013528,-2.1811064,node,431208272,https://www.openstreetmap.org/node/431208272
35508556,restaurant,JS On The Corner,4672.3,,,,,,,,,,restaurant,53.5189395,-2.2722481,node,10592159866,https://www.openstreetmap.org/node/10592159866
35508556,pub,The Great Central,4686.9,,https://www.jdwetherspoon.com/pubs/all-pubs/england/manchester/the-great-central-manchester,+44 161 248 1740,"Wilmslow Road, Manchester, M14 6NL",M14 6NL,"Su-Th 08:00-23:30, Fr,Sa 08:00-00:30",,Wetherspoon,Wetherspoon,pub,53.4409713,-2.219427,node,1527511894,https://www.openstreetmap.org/node/1527511894
35508556,pub,The Railway,4688.9,,,,,,,,,,pub,53.505141,-2.1847207,way,373603701,https://www.openstreetmap.org/way/373603701
35508556,pub,The Vulcan,4691.4,,,,"Gorton Lane, Manchester",,,,,,pub,53.4663975,-2.1759728,way,1460053175,https://www.openstreetmap.org/way/1460053175
35508556,pub,The Sedge Lynn,4720.5,,https://www.jdwetherspoon.com/pubs/all-pubs/england/manchester/the-sedge-lynn-chorltoncumhardy,,"21A Manchester Road, Manchester, M21 9PN",M21 9PN,"Su-We 08:00-23:00, Th-Sa 08:00-24:00",,,Wetherspoon,pub,53.4442716,-2.2789326,way,364968948,https://www.openstreetmap.org/way/364968948
35508556,restaurant,Abduls,4725.2,,,,"324,326 Wilmslow Road",,"Mo-Th 15:00-02:45, Fr 15:00-03:45, Sa 14:00-03:45, Su 14:00-01:45",kebab,,,restaurant,53.4404852,-2.2200355,way,357708535,https://www.openstreetmap.org/way/357708535
35508556,pub,The Beagle,4730.2,bookings@beaglesabout.com,https://www.beaglesabout.com/,+44 161 881 8596,,,Mo-We 16:00-23:00; Th-Su 12:00-23:00,,,,pub,53.4437781,-2.2777931,way,364968946,https://www.openstreetmap.org/way/364968946
35508556,restaurant,Nando's,4731.3,,,,,,Mo-Su 11:30-22:00,chicken;portuguese,,Nando's,restaurant,53.4406434,-2.2189728,node,10757981209,https://www.openstreetmap.org/node/10757981209
35508556,pub,Chorlton Tap,4740.1,,,,"Wilbraham Road, Manchester, M21 0UE",M21 0UE,,,,,pub,53.4423653,-2.2735708,node,5534668015,https://www.openstreetmap.org/node/5534668015
35508556,pub,The Friendship Inn,4744.6,,,,,,"Su-Th 12:00-23:00, Fr,Sa 12:00-24:00",,,,pub,53.4404876,-2.2191108,node,884431924,https://www.openstreetmap.org/node/884431924
35508556,pub,Brewski,4747.6,,,,"Wilbraham Road, Manchester, M21 0UE",M21 0UE,,,,,pub,53.4423683,-2.2738418,node,5534668013,https://www.openstreetmap.org/node/5534668013
35508556,pub,Gorse Hill,4757.9,,,,M32 0PA,M32 0PA,,,,,pub,53.4542938,-2.2990281,node,1282184377,https://www.openstreetmap.org/node/1282184377
35508556,restaurant,Nom Noms,4767.4,info@nomnomsgrill.co.uk,https://nomnomsgrill.co.uk/,+44 161 881 4256,"430 Wilbraham Road, Manchester, M21 0AS",M21 0AS,Mo-Su 12:00-23:00,,,,restaurant,53.4426084,-2.2753265,node,7967333943,https://www.openstreetmap.org/node/7967333943
35508556,restaurant,Paratha Hut,4769.1,,,,Paratha Hut Longden Road,,,,,,restaurant,53.4501785,-2.1921548,way,1157743288,https://www.openstreetmap.org/way/1157743288
35508556,restaurant,Blue Nile Café,4773.9,,https://bluenilecafe.wordpress.com/,+44 7983 584109,"289 Talbot Road, Stretford, M32 0YA",M32 0YA,Tu-Fr 11:00-14:00; Tu 16:00-18:00; We-Fr 16:00-21:00; Sa-Su 11:00-21:00,ethiopian,,,restaurant,53.4531406,-2.2977601,node,5208399514,https://www.openstreetmap.org/node/5208399514
35508556,pub,The Wellington Hotel,4774.2,,,,"345 Bolton Road, Salford, M6 7NJ",M6 7NJ,,,,,pub,53.499847,-2.307276,node,696536590,https://www.openstreetmap.org/node/696536590
35508556,restaurant,Lahori,4805.5,,,,"452 Wilbraham Road, Manchester, M21 0AG",M21 0AG,,pakistani,,,restaurant,53.4426044,-2.2765597,node,7967333939,https://www.openstreetmap.org/node/7967333939
35508556,pub,Electrik Bar,4811.8,,https://www.electrikbar.co.uk/,+44 161 881 3315,"559a Wilbraham Road, Manchester, M21 0AE",M21 0AE,Mo 13:00-01:00; Tu-Th 12:00-01:00; Fr 12:00-02:00; Sa 10:00-02:00; Su 11:00-01:00,,,,pub,53.442405,-2.2761252,node,2269539313,https://www.openstreetmap.org/node/2269539313
35508556,pub,Village Inn,4820.7,,,,,,,,,,pub,53.4641839,-2.3098748,way,166423465,https://www.openstreetmap.org/way/166423465
35508556,pub,Dulcimer,4822.0,,,+44 161 860 6444,"567 Wilbraham Road, Manchester, M21 0AE",M21 0AE,,,,,pub,53.4424055,-2.2764599,node,1572973790,https://www.openstreetmap.org/node/1572973790
35508556,pub,Fox Inn,4835.9,,https://www.joseph-holt.com/pubs/view/fox-inn,,"97 Old Market Street, Manchester, M9 8DX",M9 8DX,,,,,pub,53.5225959,-2.2223926,way,256476503,https://www.openstreetmap.org/way/256476503
35508556,pub,Waggon and Horses,4840.9,,,,"367 Bolton Road, Salford, M6 7NJ",M6 7NJ,,,,,pub,53.5002348,-2.3080778,node,752064034,https://www.openstreetmap.org/node/752064034
35508556,restaurant,Jaipur Palace,4856.3,,,,,,,,,,restaurant,53.4390024,-2.2213338,node,10757992606,https://www.openstreetmap.org/node/10757992606
35508556,pub,Church Inn,4861.7,,,,,,,,,,pub,53.5004339,-2.176938,node,13421291906,https://www.openstreetmap.org/node/13421291906
35508556,restaurant,Yara,4862.0,,,,"Wilbraham Road, Manchester",,,,,,restaurant,53.4427172,-2.2786868,node,10694513554,https://www.openstreetmap.org/node/10694513554
35508556,restaurant,Panicos,4883.6,,,+44 161 861 0613,"Barlow Moor Road, Manchester, M21 8AD",M21 8AD,,mediterranean,,,restaurant,53.44172,-2.2762609,node,5522633739,https://www.openstreetmap.org/node/5522633739
35508556,restaurant,Hungamaa,4888.6,,https://hungamaa.co.uk/,+44 1618607878,"575 Barlow Moor Road, Manchester, M21 8AE",M21 8AE,,indian,,,restaurant,53.441808,-2.276714,node,4949927206,https://www.openstreetmap.org/node/4949927206
35508556,restaurant,Rudy's Pizzeria,4890.6,,https://www.rudyspizza.co.uk/chorlton/,,"577 Barlow Moor Road, Manchester, M21 8AE",M21 8AE,,pizza;italian,,,restaurant,53.4418211,-2.2768192,node,3689952133,https://www.openstreetmap.org/node/3689952133
35508556,restaurant,O&T,4890.7,,,,"Barlow Moor Road, Manchester, M21 8AD",M21 8AD,,mediterranean,,,restaurant,53.4416184,-2.2761633,node,5522633741,https://www.openstreetmap.org/node/5522633741
35508556,restaurant,Croma Chorlton,4901.7,,https://cromapizza.co.uk/,,"500 Wilbraham Road, Manchester, M21 9AP",M21 9AP,,pizza,,,restaurant,53.4428012,-2.2801327,node,4949359716,https://www.openstreetmap.org/node/4949359716
35508556,restaurant,Mumbai Tiffin Room,4903.7,,,+44 161 425 1414,"406 Barlow Moor Road, Manchester, M21 8AD",M21 8AD,,indian,,,restaurant,53.4414332,-2.2759852,node,5534667989,https://www.openstreetmap.org/node/5534667989
35508556,restaurant,Nectar Bistro,4905.6,,http://www.nectarbistro.co.uk/,,"404 Barlow Moor Road, Manchester, M21 8AD",M21 8AD,,,,,restaurant,53.4414069,-2.2759599,node,4949002554,https://www.openstreetmap.org/node/4949002554
35508556,restaurant,Alborz,4906.6,,https://www.alborzrestaurant.co.uk/,+44 161 224 4111,"820 Stockport Road, Manchester, M19 3AW",M19 3AW,,,,,restaurant,53.4484674,-2.1921586,way,712459053,https://www.openstreetmap.org/way/712459053
35508556,restaurant,Saray,4909.3,,,,"Wilbraham Road, Manchester",,,turkish,,,restaurant,53.4424177,-2.2792487,node,10694513545,https://www.openstreetmap.org/node/10694513545
35508556,restaurant,Lucky Mama's,4909.7,,,+44 7927 212597,"565 Barlow Moor Road, M21 8AE",M21 8AE,Tu-Fr 16:00-22:00; Sa-Su 13:00-22:00,pizza,,,restaurant,53.4415368,-2.2765253,node,12639680001,https://www.openstreetmap.org/node/12639680001
35508556,pub,Duffy's Bar,4910.9,,,,"Barlow Moor Road, Manchester, M21 8AD",M21 8AD,,,,,pub,53.4413325,-2.275891,node,1572973781,https://www.openstreetmap.org/node/1572973781
35508556,restaurant,Pizza Hut,4916.1,,,,"613 Wilbraham Road, Manchester, M21 9AN",M21 9AN,,pizza,,Pizza Hut,restaurant,53.4424297,-2.2794914,node,10694513539,https://www.openstreetmap.org/node/10694513539
35508556,pub,Ye Golden Lion,4921.3,,https://www.joseph-holt.com/pubs/ye-golden-lion,,"47 Old Market Street, Manchester, M9 8DX",M9 8DX,,,Joseph Holt,,pub,53.5229186,-2.2197419,way,245212902,https://www.openstreetmap.org/way/245212902
35508556,restaurant,Lahori,4921.5,,,,"Stockport Road, Manchester, M19 3AW",M19 3AW,,,,,restaurant,53.4483312,-2.1920756,node,12556443288,https://www.openstreetmap.org/node/12556443288
35508556,restaurant,Jaipur Palace Restaurant,4922.9,,https://www.jaipurpalacerestaurants.com/chorlton/,+44 161 881 4685,"Wilbraham Road, Manchester, M21 9AN",M21 9AN,,indian,,,restaurant,53.4423823,-2.279557,node,8235613738,https://www.openstreetmap.org/node/8235613738
35508556,restaurant,Pho Bowl,4925.3,,,,"520 Wilbraham Road, Manchester, M21 9AW",M21 9AW,,,,,restaurant,53.4427932,-2.2808089,node,5585282841,https://www.openstreetmap.org/node/5585282841
35508556,pub,Grove Inn,4946.0,,,,,,,,,,pub,53.5222316,-2.2153899,node,10148391717,https://www.openstreetmap.org/node/10148391717
35508556,pub,The Spread Eagle,4948.2,,,,Manchester,,,,,,pub,53.4428457,-2.2816218,way,364967667,https://www.openstreetmap.org/way/364967667
35508556,pub,Woodthorpe Hotel,4951.5,,,,"Bury Old Road, M25 0EG",M25 0EG,,,Joseph Holts,,pub,53.5236804,-2.2627892,node,529438577,https://www.openstreetmap.org/node/529438577
35508556,pub,Lloyd & Platt and Kamera Ballroom,4974.9,,https://www.thelloydschorlton.co.uk/,,"617 Wilbraham Road, Manchester, M21 9AN",M21 9AN,,,,,pub,53.4423828,-2.2811141,way,364967657,https://www.openstreetmap.org/way/364967657
